标定日,窗口起,参数,窗口实际总费用_元,选中
2025-02-01,2025-01-01,"α=0.50, ρ=0.0, λ=0.00",2449165.315038,False
2025-02-01,2025-01-01,"α=0.50, ρ=0.0, λ=0.60",2442927.452152,False
2025-02-01,2025-01-01,"α=0.50, ρ=1.0, λ=0.00",2396422.884497,False
2025-02-01,2025-01-01,"α=0.50, ρ=1.0, λ=0.60",2392162.21375,False
2025-02-01,2025-01-01,"α=0.60, ρ=0.0, λ=0.00",2338974.470774,False
2025-02-01,2025-01-01,"α=0.60, ρ=0.0, λ=0.60",2337679.588546,False
2025-02-01,2025-01-01,"α=0.60, ρ=1.0, λ=0.00",2301727.618213,False
2025-02-01,2025-01-01,"α=0.60, ρ=1.0, λ=0.60",2299281.524706,False
2025-02-01,2025-01-01,"α=0.70, ρ=0.0, λ=0.00",2258916.067951,False
2025-02-01,2025-01-01,"α=0.70, ρ=0.0, λ=0.60",2259440.11271,False
2025-02-01,2025-01-01,"α=0.70, ρ=1.0, λ=0.00",2238269.527678,False
2025-02-01,2025-01-01,"α=0.70, ρ=1.0, λ=0.60",2237966.232929,False
2025-02-01,2025-01-01,"α=0.80, ρ=0.0, λ=0.00",2259793.656807,False
2025-02-01,2025-01-01,"α=0.80, ρ=0.0, λ=0.60",2261806.285164,False
2025-02-01,2025-01-01,"α=0.80, ρ=1.0, λ=0.00",2235541.987214,True
2025-02-01,2025-01-01,"α=0.80, ρ=1.0, λ=0.60",2236682.388307,False
2025-02-01,2025-01-01,"α=0.90, ρ=0.0, λ=0.00",2337249.486477,False
2025-02-01,2025-01-01,"α=0.90, ρ=0.0, λ=0.60",2340751.678963,False
2025-02-01,2025-01-01,"α=0.90, ρ=1.0, λ=0.00",2315155.938653,False
2025-02-01,2025-01-01,"α=0.90, ρ=1.0, λ=0.60",2318152.12238,False
2025-03-15,2025-02-08,"α=0.50, ρ=0.0, λ=0.00",1571783.906576,False
2025-03-15,2025-02-08,"α=0.50, ρ=0.0, λ=0.60",1565409.018528,False
2025-03-15,2025-02-08,"α=0.50, ρ=1.0, λ=0.00",1542385.242184,False
2025-03-15,2025-02-08,"α=0.50, ρ=1.0, λ=0.60",1540119.910232,False
2025-03-15,2025-02-08,"α=0.60, ρ=0.0, λ=0.00",1490711.606986,False
2025-03-15,2025-02-08,"α=0.60, ρ=0.0, λ=0.60",1488054.909683,False
2025-03-15,2025-02-08,"α=0.60, ρ=1.0, λ=0.00",1486443.216123,False
2025-03-15,2025-02-08,"α=0.60, ρ=1.0, λ=0.60",1485724.563729,False
2025-03-15,2025-02-08,"α=0.70, ρ=0.0, λ=0.00",1438874.239269,False
2025-03-15,2025-02-08,"α=0.70, ρ=0.0, λ=0.60",1439454.179585,False
2025-03-15,2025-02-08,"α=0.70, ρ=1.0, λ=0.00",1450487.930153,False
2025-03-15,2025-02-08,"α=0.70, ρ=1.0, λ=0.60",1451066.689082,False
2025-03-15,2025-02-08,"α=0.80, ρ=0.0, λ=0.00",1425263.612141,True
2025-03-15,2025-02-08,"α=0.80, ρ=0.0, λ=0.60",1426941.83908,False
2025-03-15,2025-02-08,"α=0.80, ρ=1.0, λ=0.00",1441550.575339,False
2025-03-15,2025-02-08,"α=0.80, ρ=1.0, λ=0.60",1442925.94623,False
2025-03-15,2025-02-08,"α=0.90, ρ=0.0, λ=0.00",1447117.349136,False
2025-03-15,2025-02-08,"α=0.90, ρ=0.0, λ=0.60",1449674.920051,False
2025-03-15,2025-02-08,"α=0.90, ρ=1.0, λ=0.00",1457941.822205,False
2025-03-15,2025-02-08,"α=0.90, ρ=1.0, λ=0.60",1460383.413691,False
2025-04-26,2025-03-22,"α=0.50, ρ=0.0, λ=0.00",1290037.040484,False
2025-04-26,2025-03-22,"α=0.50, ρ=0.0, λ=0.60",1287142.290315,False
2025-04-26,2025-03-22,"α=0.50, ρ=1.0, λ=0.00",1269602.662104,False
2025-04-26,2025-03-22,"α=0.50, ρ=1.0, λ=0.60",1270013.551561,False
2025-04-26,2025-03-22,"α=0.60, ρ=0.0, λ=0.00",1178195.39927,False
2025-04-26,2025-03-22,"α=0.60, ρ=0.0, λ=0.60",1177564.22505,False
2025-04-26,2025-03-22,"α=0.60, ρ=1.0, λ=0.00",1192380.190053,False
2025-04-26,2025-03-22,"α=0.60, ρ=1.0, λ=0.60",1193800.984494,False
2025-04-26,2025-03-22,"α=0.70, ρ=0.0, λ=0.00",1127355.308745,False
2025-04-26,2025-03-22,"α=0.70, ρ=0.0, λ=0.60",1130207.55776,False
2025-04-26,2025-03-22,"α=0.70, ρ=1.0, λ=0.00",1148939.505224,False
2025-04-26,2025-03-22,"α=0.70, ρ=1.0, λ=0.60",1151781.684676,False
2025-04-26,2025-03-22,"α=0.80, ρ=0.0, λ=0.00",1110296.745264,True
2025-04-26,2025-03-22,"α=0.80, ρ=0.0, λ=0.60",1114067.3488,False
2025-04-26,2025-03-22,"α=0.80, ρ=1.0, λ=0.00",1131483.132201,False
2025-04-26,2025-03-22,"α=0.80, ρ=1.0, λ=0.60",1135129.940515,False
2025-04-26,2025-03-22,"α=0.90, ρ=0.0, λ=0.00",1138603.319817,False
2025-04-26,2025-03-22,"α=0.90, ρ=0.0, λ=0.60",1143241.296333,False
2025-04-26,2025-03-22,"α=0.90, ρ=1.0, λ=0.00",1149787.780224,False
2025-04-26,2025-03-22,"α=0.90, ρ=1.0, λ=0.60",1154433.48887,False
2025-06-07,2025-05-03,"α=0.50, ρ=0.0, λ=0.00",1598534.449153,False
2025-06-07,2025-05-03,"α=0.50, ρ=0.0, λ=0.60",1585353.916883,False
2025-06-07,2025-05-03,"α=0.50, ρ=1.0, λ=0.00",1527863.925225,False
2025-06-07,2025-05-03,"α=0.50, ρ=1.0, λ=0.60",1517398.967041,False
2025-06-07,2025-05-03,"α=0.60, ρ=0.0, λ=0.00",1478617.217942,False
2025-06-07,2025-05-03,"α=0.60, ρ=0.0, λ=0.60",1468402.665921,False
2025-06-07,2025-05-03,"α=0.60, ρ=1.0, λ=0.00",1438292.25703,False
2025-06-07,2025-05-03,"α=0.60, ρ=1.0, λ=0.60",1430147.830404,False
2025-06-07,2025-05-03,"α=0.70, ρ=0.0, λ=0.00",1390373.065906,False
2025-06-07,2025-05-03,"α=0.70, ρ=0.0, λ=0.60",1384094.661619,False
2025-06-07,2025-05-03,"α=0.70, ρ=1.0, λ=0.00",1372995.374151,False
2025-06-07,2025-05-03,"α=0.70, ρ=1.0, λ=0.60",1367499.671337,False
2025-06-07,2025-05-03,"α=0.80, ρ=0.0, λ=0.00",1338382.831136,False
2025-06-07,2025-05-03,"α=0.80, ρ=0.0, λ=0.60",1335387.080416,False
2025-06-07,2025-05-03,"α=0.80, ρ=1.0, λ=0.00",1332731.156353,False
2025-06-07,2025-05-03,"α=0.80, ρ=1.0, λ=0.60",1330005.745854,False
2025-06-07,2025-05-03,"α=0.90, ρ=0.0, λ=0.00",1303449.6335,False
2025-06-07,2025-05-03,"α=0.90, ρ=0.0, λ=0.60",1306170.721778,False
2025-06-07,2025-05-03,"α=0.90, ρ=1.0, λ=0.00",1302269.347235,True
2025-06-07,2025-05-03,"α=0.90, ρ=1.0, λ=0.60",1306497.737495,False
2025-07-19,2025-06-14,"α=0.50, ρ=0.0, λ=0.00",1883464.686103,False
2025-07-19,2025-06-14,"α=0.50, ρ=0.0, λ=0.60",1874687.620239,False
2025-07-19,2025-06-14,"α=0.50, ρ=1.0, λ=0.00",1844002.324981,False
2025-07-19,2025-06-14,"α=0.50, ρ=1.0, λ=0.60",1833536.623385,False
2025-07-19,2025-06-14,"α=0.60, ρ=0.0, λ=0.00",1811516.745513,False
2025-07-19,2025-06-14,"α=0.60, ρ=0.0, λ=0.60",1806704.926992,False
2025-07-19,2025-06-14,"α=0.60, ρ=1.0, λ=0.00",1780729.313727,False
2025-07-19,2025-06-14,"α=0.60, ρ=1.0, λ=0.60",1774030.537427,False
2025-07-19,2025-06-14,"α=0.70, ρ=0.0, λ=0.00",1764624.982141,False
2025-07-19,2025-06-14,"α=0.70, ρ=0.0, λ=0.60",1763296.817512,False
2025-07-19,2025-06-14,"α=0.70, ρ=1.0, λ=0.00",1750637.111239,False
2025-07-19,2025-06-14,"α=0.70, ρ=1.0, λ=0.60",1746687.32133,False
2025-07-19,2025-06-14,"α=0.80, ρ=0.0, λ=0.00",1745375.85797,True
2025-07-19,2025-06-14,"α=0.80, ρ=0.0, λ=0.60",1748570.746156,False
2025-07-19,2025-06-14,"α=0.80, ρ=1.0, λ=0.00",1746011.459834,False
2025-07-19,2025-06-14,"α=0.80, ρ=1.0, λ=0.60",1747247.605088,False
2025-07-19,2025-06-14,"α=0.90, ρ=0.0, λ=0.00",1748603.239377,False
2025-07-19,2025-06-14,"α=0.90, ρ=0.0, λ=0.60",1756119.725745,False
2025-07-19,2025-06-14,"α=0.90, ρ=1.0, λ=0.00",1758687.937076,False
2025-07-19,2025-06-14,"α=0.90, ρ=1.0, λ=0.60",1766705.767986,False
2025-08-30,2025-07-26,"α=0.50, ρ=0.0, λ=0.00",1677338.876592,False
2025-08-30,2025-07-26,"α=0.50, ρ=0.0, λ=0.60",1672793.882551,False
2025-08-30,2025-07-26,"α=0.50, ρ=1.0, λ=0.00",1670528.105415,False
2025-08-30,2025-07-26,"α=0.50, ρ=1.0, λ=0.60",1670774.893013,False
2025-08-30,2025-07-26,"α=0.60, ρ=0.0, λ=0.00",1556524.057485,False
2025-08-30,2025-07-26,"α=0.60, ρ=0.0, λ=0.60",1558474.767585,False
2025-08-30,2025-07-26,"α=0.60, ρ=1.0, λ=0.00",1586118.285768,False
2025-08-30,2025-07-26,"α=0.60, ρ=1.0, λ=0.60",1590065.059467,False
2025-08-30,2025-07-26,"α=0.70, ρ=0.0, λ=0.00",1516646.539852,True
2025-08-30,2025-07-26,"α=0.70, ρ=0.0, λ=0.60",1521640.473606,False
2025-08-30,2025-07-26,"α=0.70, ρ=1.0, λ=0.00",1547110.211233,False
2025-08-30,2025-07-26,"α=0.70, ρ=1.0, λ=0.60",1551099.132299,False
2025-08-30,2025-07-26,"α=0.80, ρ=0.0, λ=0.00",1521440.761048,False
2025-08-30,2025-07-26,"α=0.80, ρ=0.0, λ=0.60",1527901.699143,False
2025-08-30,2025-07-26,"α=0.80, ρ=1.0, λ=0.00",1546214.44956,False
2025-08-30,2025-07-26,"α=0.80, ρ=1.0, λ=0.60",1552368.285516,False
2025-08-30,2025-07-26,"α=0.90, ρ=0.0, λ=0.00",1567351.86567,False
2025-08-30,2025-07-26,"α=0.90, ρ=0.0, λ=0.60",1575778.469457,False
2025-08-30,2025-07-26,"α=0.90, ρ=1.0, λ=0.00",1586734.939888,False
2025-08-30,2025-07-26,"α=0.90, ρ=1.0, λ=0.60",1595051.872496,False
2025-10-11,2025-09-06,"α=0.50, ρ=0.0, λ=0.00",1528766.380314,False
2025-10-11,2025-09-06,"α=0.50, ρ=0.0, λ=0.60",1518322.935736,False
2025-10-11,2025-09-06,"α=0.50, ρ=1.0, λ=0.00",1483251.082798,False
2025-10-11,2025-09-06,"α=0.50, ρ=1.0, λ=0.60",1475964.695584,False
2025-10-11,2025-09-06,"α=0.60, ρ=0.0, λ=0.00",1373878.187832,False
2025-10-11,2025-09-06,"α=0.60, ρ=0.0, λ=0.60",1369979.559975,False
2025-10-11,2025-09-06,"α=0.60, ρ=1.0, λ=0.00",1365802.383088,False
2025-10-11,2025-09-06,"α=0.60, ρ=1.0, λ=0.60",1364044.192238,False
2025-10-11,2025-09-06,"α=0.70, ρ=0.0, λ=0.00",1279932.317773,False
2025-10-11,2025-09-06,"α=0.70, ρ=0.0, λ=0.60",1281300.252726,False
2025-10-11,2025-09-06,"α=0.70, ρ=1.0, λ=0.00",1295548.872479,False
2025-10-11,2025-09-06,"α=0.70, ρ=1.0, λ=0.60",1299512.65043,False
2025-10-11,2025-09-06,"α=0.80, ρ=0.0, λ=0.00",1255299.404871,True
2025-10-11,2025-09-06,"α=0.80, ρ=0.0, λ=0.60",1260236.93985,False
2025-10-11,2025-09-06,"α=0.80, ρ=1.0, λ=0.00",1280000.737771,False
2025-10-11,2025-09-06,"α=0.80, ρ=1.0, λ=0.60",1285020.420329,False
2025-10-11,2025-09-06,"α=0.90, ρ=0.0, λ=0.00",1298581.931841,False
2025-10-11,2025-09-06,"α=0.90, ρ=0.0, λ=0.60",1305169.082288,False
2025-10-11,2025-09-06,"α=0.90, ρ=1.0, λ=0.00",1312478.364794,False
2025-10-11,2025-09-06,"α=0.90, ρ=1.0, λ=0.60",1318832.803514,False
2025-11-22,2025-10-18,"α=0.50, ρ=0.0, λ=0.00",1515485.378166,False
2025-11-22,2025-10-18,"α=0.50, ρ=0.0, λ=0.60",1506442.707199,False
2025-11-22,2025-10-18,"α=0.50, ρ=1.0, λ=0.00",1506293.681987,False
2025-11-22,2025-10-18,"α=0.50, ρ=1.0, λ=0.60",1503831.901549,False
2025-11-22,2025-10-18,"α=0.60, ρ=0.0, λ=0.00",1447021.062992,False
2025-11-22,2025-10-18,"α=0.60, ρ=0.0, λ=0.60",1443711.293872,False
2025-11-22,2025-10-18,"α=0.60, ρ=1.0, λ=0.00",1454549.084852,False
2025-11-22,2025-10-18,"α=0.60, ρ=1.0, λ=0.60",1454436.913681,False
2025-11-22,2025-10-18,"α=0.70, ρ=0.0, λ=0.00",1411770.979213,False
2025-11-22,2025-10-18,"α=0.70, ρ=0.0, λ=0.60",1412282.514464,False
2025-11-22,2025-10-18,"α=0.70, ρ=1.0, λ=0.00",1428031.078206,False
2025-11-22,2025-10-18,"α=0.70, ρ=1.0, λ=0.60",1429009.730155,False
2025-11-22,2025-10-18,"α=0.80, ρ=0.0, λ=0.00",1408776.170936,True
2025-11-22,2025-10-18,"α=0.80, ρ=0.0, λ=0.60",1410258.045768,False
2025-11-22,2025-10-18,"α=0.80, ρ=1.0, λ=0.00",1425124.052098,False
2025-11-22,2025-10-18,"α=0.80, ρ=1.0, λ=0.60",1426751.889472,False
2025-11-22,2025-10-18,"α=0.90, ρ=0.0, λ=0.00",1433422.767257,False
2025-11-22,2025-10-18,"α=0.90, ρ=0.0, λ=0.60",1435560.541683,False
2025-11-22,2025-10-18,"α=0.90, ρ=1.0, λ=0.00",1443673.915305,False
2025-11-22,2025-10-18,"α=0.90, ρ=1.0, λ=0.60",1445750.82717,False
