date,plan_kwh,emg_kwh,total_kwh,cost_plan,cost_emg,cost_total,charge_kwh,dischg_kwh,dump_kwh,E0,E144,E_min,E_max,emg_segments,emg_events,load_kwh,pv_kwh,params,rule
2025-02-01,41448.684693,49.059237,41497.74393,22339.27624,180.937327,22520.213567,13383.746956,14541.066597,8276.887638,7108.90851,2997.540107,2181.319787,10800.0,2,1,76305.206283,41927.03035,"α=0.80, ρ=1.0, λ=0.00",greedy
2025-02-02,92319.897771,8.558026,92328.455796,59061.006356,53.680216,59114.686572,20770.463702,16978.845273,10180.559418,2997.540107,2825.573802,1833.103187,10800.0,1,1,121705.97265,43349.6947,"α=0.80, ρ=1.0, λ=0.00",greedy
2025-02-03,90279.694961,15.976958,90295.671919,57423.00594,91.339691,57514.345631,21561.984557,17691.130833,6207.901694,2825.573802,2574.547867,1686.55045,10800.0,2,2,122603.769,42386.8525,"α=0.80, ρ=1.0, λ=0.00",greedy
2025-02-04,90550.983619,25.207587,90576.191206,57474.623608,105.84831,57580.471918,23087.11169,18851.312808,5145.528373,2574.547867,2407.045268,1786.647398,10800.0,2,1,121578.09885,40383.2349,"α=0.80, ρ=1.0, λ=0.00",greedy
2025-02-05,90062.975995,25.445314,90088.421308,57069.106334,159.027076,57228.13341,22915.706287,18698.182496,5122.470534,2407.045268,2255.422598,1500.734283,10800.0,2,1,121991.084433,41242.65745,"α=0.80, ρ=1.0, λ=0.00",greedy
2025-02-06,90641.3276,26.014481,90667.342081,57590.468952,151.716944,57742.185896,22309.201437,18067.528791,6154.612218,2255.422598,2258.671901,1723.090347,10800.0,2,1,122252.1627,41981.105483,"α=0.80, ρ=1.0, λ=0.00",greedy
2025-02-07,43678.846909,0.0,43678.846909,22711.295181,0.0,22711.295181,18954.546408,15557.617028,8476.237862,2258.671901,2031.522527,1518.038312,10800.0,0,0,76168.596933,44362.917267,"α=0.80, ρ=1.0, λ=0.00",greedy
2025-02-08,40542.210909,25.94286,40568.153769,21084.604658,112.681127,21197.285785,18663.528692,15073.940426,5401.402787,2031.522527,2079.875653,1446.936472,10800.0,4,3,75746.787517,44169.6248,"α=0.80, ρ=1.0, λ=0.00",greedy
2025-02-09,86303.157293,13.505293,86316.662587,54388.041553,84.094831,54472.136383,23251.057974,19079.879268,2590.067914,2079.875653,1805.961977,1472.302731,10800.0,2,1,121547.903567,41992.4876,"α=0.80, ρ=1.0, λ=0.00",greedy
2025-02-10,86921.759535,59.410741,86981.170276,54697.125957,392.922996,55090.048953,20386.516658,16540.798091,8808.814126,1805.961977,1775.162423,1522.505374,10800.0,2,1,121477.564517,47150.926933,"α=0.80, ρ=1.0, λ=0.00",greedy
2025-02-11,84937.621931,0.0,84937.621931,53183.505788,0.0,53183.505788,22301.049299,18169.414675,5585.390174,1775.162423,1657.868264,1266.820567,10800.0,0,0,121441.281617,46220.684483,"α=0.80, ρ=1.0, λ=0.00",greedy
2025-02-12,84161.854524,131.59888,84293.453403,52637.370848,562.838468,53200.209316,22171.817408,17962.260358,4817.16022,1657.868264,1654.436867,1388.83671,10800.0,4,3,121363.852883,46097.11675,"α=0.80, ρ=1.0, λ=0.00",greedy
2025-02-13,83973.024424,6.684017,83979.70844,52612.418213,25.737408,52638.155621,19858.240933,15992.794087,8784.782578,1654.436867,1757.082499,1359.327088,10800.0,2,2,121310.283717,49980.8047,"α=0.80, ρ=1.0, λ=0.00",greedy
2025-02-14,36752.013326,176.088749,36928.102075,19261.830246,854.134657,20115.964903,18304.253099,14725.526664,3547.573824,1757.082499,1869.213994,1555.376227,10800.0,7,4,75872.63795,46070.836133,"α=0.80, ρ=1.0, λ=0.00",greedy
2025-02-15,35802.145767,114.930238,35917.076005,18744.019835,436.653156,19180.672991,17672.63282,14744.445436,3708.797521,1869.213994,1391.866381,1351.14314,10800.0,6,3,76054.55225,46774.46115,"α=0.80, ρ=1.0, λ=0.00",greedy
2025-02-16,80894.136444,584.167449,81478.303893,50223.7607,2724.385755,52948.146455,22934.235415,18503.259191,1669.948569,1391.866381,1473.501376,1281.490616,10800.0,14,6,121276.977283,45899.598183,"α=0.80, ρ=1.0, λ=0.00",greedy
2025-02-17,81201.295483,126.255282,81327.550765,50321.029567,547.092772,50868.122339,20482.733131,16535.383948,6196.338416,1473.501376,1535.312363,1296.543304,10800.0,9,7,120960.372817,49776.50965,"α=0.80, ρ=1.0, λ=0.00",greedy
2025-02-18,80011.64319,72.212774,80083.855964,49501.437217,348.292557,49849.729775,22001.105019,17629.116641,3620.479803,1535.312363,1748.399501,1369.102271,10800.0,8,3,121331.271233,49239.88345,"α=0.80, ρ=1.0, λ=0.00",greedy
2025-02-19,79809.264539,306.180859,80115.445398,49437.043667,985.714859,50422.758526,22518.255719,18733.346683,3451.208978,1748.399501,1200.0,1200.0,10800.0,14,9,121866.794117,48987.466733,"α=0.80, ρ=1.0, λ=0.00",greedy
2025-02-20,79852.560114,110.663886,79963.224,49309.045429,586.233129,49895.278558,22235.888812,17592.819612,4327.021067,1200.0,1664.722584,1200.0,10800.0,7,4,121105.257033,50112.1233,"α=0.80, ρ=1.0, λ=0.00",greedy
2025-02-21,35155.335849,84.249186,35239.585036,18333.805202,311.198272,18645.003474,17699.574738,14291.883061,6271.631326,1664.722584,1714.469781,1643.700265,10800.0,6,4,75802.002033,50241.74,"α=0.80, ρ=1.0, λ=0.00",greedy
2025-02-22,34856.221128,341.802456,35198.023584,18178.748808,1421.440591,19600.189399,17477.812733,14045.488932,3920.936899,1714.469781,1838.402427,1587.572099,10800.0,18,7,75682.242267,47837.479383,"α=0.80, ρ=1.0, λ=0.00",greedy
2025-02-23,78071.684173,79.495868,78151.180041,48329.798725,326.289218,48656.087943,21919.253293,18074.886354,2774.959419,1838.402427,1482.523331,1329.630295,10800.0,4,3,121142.140933,49610.28725,"α=0.80, ρ=1.0, λ=0.00",greedy
2025-02-24,78054.713902,285.678641,78340.392543,48098.954205,1253.223125,49352.177329,20702.670098,16552.144378,5986.833207,1482.523331,1723.654887,1447.980099,10800.0,16,3,120628.98855,52425.954933,"α=0.80, ρ=1.0, λ=0.00",greedy
2025-02-25,77243.938093,174.603254,77418.541347,47652.441229,665.938334,48318.379563,19745.681851,16212.853027,8064.389289,1723.654887,1480.487412,1435.809128,10800.0,8,5,121093.332883,55272.00965,"α=0.80, ρ=1.0, λ=0.00",greedy
2025-02-26,76351.979382,358.394119,76710.3735,46974.758132,1392.598397,48367.35653,21764.182146,17202.500073,3333.843394,1480.487412,1954.362374,1475.366604,10800.0,16,8,121060.734117,52245.886083,"α=0.80, ρ=1.0, λ=0.00",greedy
2025-02-27,74966.853234,444.826998,75411.680233,46102.798093,2259.718084,48362.516176,22565.57358,18495.044587,4384.56704,1954.362374,1713.329054,1297.534771,10800.0,10,4,120599.488933,53642.904733,"α=0.80, ρ=1.0, λ=0.00",greedy
2025-02-28,34045.06433,84.491221,34129.555551,17660.55049,218.902768,17879.453258,17122.196224,13872.771366,7587.537143,1713.329054,1709.115249,1462.328428,10800.0,7,4,75385.10795,52092.5144,"α=0.80, ρ=1.0, λ=0.00",greedy
2025-03-01,33936.989983,137.587505,34074.577488,17683.903323,585.225559,18269.128881,16267.870821,13108.055979,7255.996712,1709.115249,1785.692344,1519.169824,10800.0,7,2,72244.16015,48585.394217,"α=0.80, ρ=1.0, λ=0.00",greedy
2025-03-02,75027.639252,2671.416651,77699.055903,46177.322212,12802.320522,58979.642734,20983.80855,17143.406816,1500.347102,1785.692344,1622.890244,1409.885423,10800.0,25,5,117860.417083,45502.110017,"α=0.80, ρ=1.0, λ=0.00",greedy
2025-03-03,77210.064449,701.722702,77911.787151,47618.261293,2824.213935,50442.475228,23256.131228,18932.929025,1571.438314,1622.890244,1516.820544,1323.22575,10800.0,14,5,117958.7456,45941.598967,"α=0.80, ρ=1.0, λ=0.00",greedy
2025-03-04,79255.961334,84.62227,79340.583604,49086.2145,261.488718,49347.703218,20797.505019,16835.265694,6178.886346,1516.820544,1528.72429,1410.000915,10800.0,5,3,118139.024983,48939.56705,"α=0.80, ρ=1.0, λ=0.00",greedy
2025-03-05,79936.889384,25.506247,79962.395631,49429.105207,162.009899,49591.115106,19228.637171,15449.955688,10053.242131,1528.72429,1667.880312,1333.548994,10800.0,2,1,118073.443833,51942.971817,"α=0.80, ρ=1.0, λ=0.00",greedy
2025-03-06,78883.286834,66.131411,78949.418245,48960.626315,314.642308,49275.268623,18765.737726,15292.041221,9535.067607,1667.880312,1565.887354,1463.498762,10800.0,7,4,117673.59855,51732.944417,"α=0.80, ρ=1.0, λ=0.00",greedy
2025-03-07,33784.670021,26.301976,33810.971997,17572.945921,115.899589,17688.84551,15734.350968,12439.452455,9593.78795,1565.887354,1905.189387,1565.887354,10800.0,2,2,71680.36145,50758.075917,"α=0.80, ρ=1.0, λ=0.00",greedy
2025-03-08,31942.846783,49.255612,31992.102395,16823.463958,223.465679,17046.929637,15579.819461,12610.471345,9959.614762,1905.189387,1915.392074,1645.911741,10800.0,2,1,72344.711583,53281.572067,"α=0.80, ρ=1.0, λ=0.00",greedy
2025-03-09,73408.914637,92.913883,73501.82852,45079.499631,484.181042,45563.680672,20880.137698,17028.242107,6316.407879,1915.392074,1787.246994,1441.208099,10800.0,4,3,117692.9865,54359.46145,"α=0.80, ρ=1.0, λ=0.00",greedy
2025-03-10,72243.315682,595.793253,72839.108934,44275.032061,2872.005619,47147.03768,21241.921609,17242.67069,797.786565,1787.246994,1746.453454,1349.258194,10800.0,12,6,117943.064367,49900.992917,"α=0.80, ρ=1.0, λ=0.00",greedy
2025-03-11,73410.360166,295.525233,73705.885399,44761.020934,1251.302693,46012.323627,20332.537423,16196.442062,5630.871238,1746.453454,2049.690399,1517.89089,10800.0,12,3,117499.55295,53560.63415,"α=0.80, ρ=1.0, λ=0.00",greedy
2025-03-12,72653.290663,208.251553,72861.542217,44443.711953,919.699457,45363.41141,19387.391744,16101.313558,7139.929347,2049.690399,1607.994572,1411.831238,10800.0,14,7,118112.236833,55676.70215,"α=0.80, ρ=1.0, λ=0.00",greedy
2025-03-13,71678.152641,879.04243,72557.19507,43653.61314,4423.780011,48077.393151,21490.552493,17421.609956,942.634517,1607.994572,1592.14742,1295.812529,10800.0,22,6,118237.27705,50691.659033,"α=0.80, ρ=1.0, λ=0.00",greedy
2025-03-14,31113.008527,52.10839,31165.116917,16254.849889,247.590906,16502.440795,15656.991632,12327.92502,11806.624322,1592.14742,1985.745422,1431.906428,10800.0,2,2,72108.86895,56079.442967,"α=0.80, ρ=1.0, λ=0.00",greedy
2025-03-15,30653.593037,0.0,30653.593037,16090.872235,0.0,16090.872235,15020.748664,12671.203054,7379.922277,1985.745422,1425.304715,1337.998174,10800.0,0,0,72724.981783,51800.856633,"α=0.80, ρ=0.0, λ=0.00",greedy
2025-03-16,71515.798947,1.64,71517.438947,43463.917073,7.46118,43471.378253,21451.870813,16938.797734,3653.318935,1425.304715,1911.102076,1425.304715,10800.0,1,1,117983.215983,54632.16905,"α=0.80, ρ=0.0, λ=0.00",greedy
2025-03-17,70825.086802,0.0,70825.086802,43028.161231,0.0,43028.161231,19137.930948,15363.336552,9192.360972,1911.102076,2064.865982,1442.657693,10800.0,0,0,117693.6218,59835.490367,"α=0.80, ρ=0.0, λ=0.00",greedy
2025-03-18,69130.051369,148.930533,69278.981902,41900.909303,722.656971,42623.566274,21373.492245,17577.462102,4356.993392,2064.865982,1770.495556,1200.0,10800.0,3,1,117253.423583,56127.465217,"α=0.80, ρ=0.0, λ=0.00",greedy
2025-03-19,69003.432919,0.0,69003.432919,41854.28883,0.0,41854.28883,21504.464884,17127.34208,5160.839666,1770.495556,2094.133862,1566.255256,10800.0,0,0,117281.558,57816.08755,"α=0.80, ρ=0.0, λ=0.00",greedy
2025-03-20,68165.466168,0.0,68165.466168,41546.855093,0.0,41546.855093,20973.236622,17241.852697,2225.120426,2094.133862,1812.432714,1312.610996,10800.0,0,0,117648.381733,55439.419917,"α=0.80, ρ=0.0, λ=0.00",greedy
2025-03-21,29778.232219,0.0,29778.232219,15535.805737,0.0,15535.805737,14983.208601,12313.112093,15074.671195,1812.432714,1616.084796,1309.190293,10800.0,0,0,72593.532217,60560.0677,"α=0.80, ρ=0.0, λ=0.00",greedy
2025-03-22,30535.290108,0.0,30535.290108,15942.223422,0.0,15942.223422,15029.127443,11571.503977,11196.466909,1616.084796,2285.072853,1616.084796,10800.0,0,0,71936.929533,56055.7298,"α=0.80, ρ=0.0, λ=0.00",greedy
2025-03-23,66872.161171,4.86284,66877.024011,40606.140021,33.923175,40640.063196,19990.606052,16783.239196,4899.937039,2285.072853,1628.574749,1200.0,10800.0,1,1,117739.977267,58970.25715,"α=0.80, ρ=0.0, λ=0.00",greedy
2025-03-24,66819.440845,0.0,66819.440845,40457.428112,0.0,40457.428112,21003.371643,16812.374861,4629.946979,1628.574749,1851.192716,1628.574749,10800.0,0,0,117425.170617,59426.673533,"α=0.80, ρ=0.0, λ=0.00",greedy
2025-03-25,65841.991527,0.0,65841.991527,39781.327632,0.0,39781.327632,21442.812681,17768.814418,1217.868547,1851.192716,1406.596998,1217.30236,10800.0,0,0,118053.167817,57103.0431,"α=0.80, ρ=0.0, λ=0.00",greedy
2025-03-26,66571.319666,0.0,66571.319666,40096.462037,0.0,40096.462037,20484.2673,16388.768726,6883.266226,1406.596998,1632.694539,1311.415309,10800.0,0,0,117704.6278,62112.072933,"α=0.80, ρ=0.0, λ=0.00",greedy
2025-03-27,66002.60645,0.0,66002.60645,39937.836307,0.0,39937.836307,20622.475539,16642.90927,3306.050781,1632.694539,1700.801113,1525.54945,10800.0,0,0,117952.598367,59235.608967,"α=0.80, ρ=0.0, λ=0.00",greedy
2025-03-28,29509.584237,0.0,29509.584237,15185.901183,0.0,15185.901183,14800.922099,11705.678472,15592.459844,1700.801113,2015.321589,1569.973511,10800.0,0,0,71891.767267,61069.8865,"α=0.80, ρ=0.0, λ=0.00",greedy
2025-03-29,29126.559331,0.0,29126.559331,14960.68706,0.0,14960.68706,14060.800204,11497.257179,18855.807123,2015.321589,1895.311574,1464.364081,10800.0,0,0,72118.277467,64411.068283,"α=0.80, ρ=0.0, λ=0.00",greedy
2025-03-30,63310.9231,0.0,63310.9231,38307.788056,0.0,38307.788056,20470.529149,16574.562533,4069.336784,1895.311574,1902.607215,1497.511146,10800.0,0,0,117994.70585,62649.08615,"α=0.80, ρ=0.0, λ=0.00",greedy
2025-03-31,61761.660271,224.098247,61985.758518,37281.278693,1563.309371,38844.588063,19464.722346,15963.350802,1532.997491,1902.607215,1683.80088,1200.0,10800.0,1,1,117075.665617,60124.276133,"α=0.80, ρ=0.0, λ=0.00",greedy
2025-04-01,62970.24506,998.700625,63968.945685,37917.765416,6890.013523,44807.77894,19309.707114,15640.730854,91.117908,1683.80088,1683.947445,1200.0,10710.258948,3,1,117967.1463,57758.294783,"α=0.80, ρ=0.0, λ=0.00",greedy
2025-04-02,63659.584417,1671.56585,65331.150267,38108.791278,8353.047769,46461.839047,21457.170117,17351.751958,790.396707,1683.947445,1715.676154,1200.0,10800.0,10,1,117986.62945,57551.29405,"α=0.80, ρ=0.0, λ=0.00",greedy
2025-04-03,65240.332128,9.580873,65249.913002,38920.308962,46.467235,38966.776197,21515.269153,17369.146806,5240.260388,1715.676154,1780.366385,1200.0,10800.0,1,1,117884.4561,62020.925833,"α=0.80, ρ=0.0, λ=0.00",greedy
2025-04-04,28614.296091,0.0,28614.296091,14576.134261,0.0,14576.134261,14131.028223,11237.711411,19290.177029,1780.366385,2011.945773,1600.652122,10800.0,0,0,71735.751817,65304.949567,"α=0.80, ρ=0.0, λ=0.00",greedy
2025-04-05,28548.310658,0.0,28548.310658,14547.761881,0.0,14547.761881,13369.777042,11132.441457,14266.860089,2011.945773,1675.365715,1405.251847,10800.0,0,0,72602.742567,60558.627583,"α=0.80, ρ=0.0, λ=0.00",greedy
2025-04-06,64947.632762,0.0,64947.632762,38752.877737,0.0,38752.877737,19843.111198,16076.962515,6771.407813,1675.365715,1670.874109,1313.369952,10800.0,0,0,117205.430583,62795.354317,"α=0.80, ρ=0.0, λ=0.00",greedy
2025-04-07,63319.651526,0.0,63319.651526,37759.877312,0.0,37759.877312,19336.274201,15650.603228,6391.261271,1670.874109,1683.961747,1505.672775,10800.0,0,0,117015.142033,63772.42275,"α=0.80, ρ=0.0, λ=0.00",greedy
2025-04-08,62908.001073,104.15125,63012.152323,37614.665357,513.441577,38128.106935,21080.283004,17359.41394,4938.089643,1683.961747,1367.97874,1200.0,10800.0,4,1,117713.290267,63360.09665,"α=0.80, ρ=0.0, λ=0.00",greedy
2025-04-09,63073.356669,851.052518,63924.409186,37669.409206,5898.175279,43567.584486,20291.444402,16441.62305,940.276818,1367.97874,1361.808646,1200.0,10800.0,4,1,117677.522533,58543.211517,"α=0.80, ρ=0.0, λ=0.00",greedy
2025-04-10,64918.82867,0.0,64918.82867,38615.192792,0.0,38615.192792,21267.689328,16951.341123,6141.842565,1361.808646,1667.905571,1270.756196,10800.0,0,0,117668.700683,63208.062783,"α=0.80, ρ=0.0, λ=0.00",greedy
2025-04-11,28186.270373,0.0,28186.270373,14212.865042,0.0,14212.865042,13692.576495,11050.110825,20227.154536,1667.905571,1713.3235,1529.680704,10800.0,0,0,72091.99675,66775.346583,"α=0.80, ρ=0.0, λ=0.00",greedy
2025-04-12,28489.666885,0.0,28489.666885,14416.04406,0.0,14416.04406,13090.214231,10332.724036,16707.016141,1713.3235,2013.711823,1630.30306,10800.0,0,0,71957.175767,62932.015217,"α=0.80, ρ=0.0, λ=0.00",greedy
2025-04-13,61873.740891,0.0,61873.740891,36879.350704,0.0,36879.350704,20055.155489,16565.996055,4108.222973,2013.711823,1656.689481,1308.560886,10800.0,0,0,117283.0622,63006.703717,"α=0.80, ρ=0.0, λ=0.00",greedy
2025-04-14,61862.242185,1.33647,61863.578655,36657.464672,8.169841,36665.634513,20037.780052,16269.685742,5567.452545,1656.689481,1613.262925,1200.0,10800.0,1,1,117901.372683,65373.340883,"α=0.80, ρ=0.0, λ=0.00",greedy
2025-04-15,61506.038611,0.0,61506.038611,36709.863009,0.0,36709.863009,19180.534159,15242.053016,7428.128635,1613.262925,1940.129206,1437.907303,10800.0,0,0,117056.905167,66917.476333,"α=0.80, ρ=0.0, λ=0.00",greedy
2025-04-16,60296.560176,0.0,60296.560176,36056.998543,0.0,36056.998543,19643.039828,16087.256809,961.185206,1940.129206,1744.135264,1507.679293,10800.0,0,0,117924.885067,62145.293117,"α=0.80, ρ=0.0, λ=0.00",greedy
2025-04-17,61807.73801,0.0,61807.73801,36814.178501,0.0,36814.178501,19813.251824,15886.72039,5012.864226,1744.135264,1924.150362,1381.861187,10800.0,0,0,117487.042633,64618.700283,"α=0.80, ρ=0.0, λ=0.00",greedy
2025-04-18,27585.633779,0.0,27585.633779,13837.505351,0.0,13837.505351,13300.533947,10454.625095,18385.607743,1924.150362,2278.380809,1640.984693,10800.0,0,0,71490.16935,65136.052167,"α=0.80, ρ=0.0, λ=0.00",greedy
2025-04-19,26582.728791,0.0,26582.728791,13351.211233,0.0,13351.211233,12671.073627,10431.874005,17558.849919,2278.380809,2091.375957,1706.721027,10800.0,0,0,71905.41535,65120.7361,"α=0.80, ρ=0.0, λ=0.00",greedy
2025-04-20,60208.841893,0.0,60208.841893,35909.381651,0.0,35909.381651,19892.337872,16169.233986,4527.993123,2091.375957,2028.664502,1630.421878,10800.0,0,0,117197.81635,65240.071467,"α=0.80, ρ=0.0, λ=0.00",greedy
2025-04-21,61046.410969,0.0,61046.410969,36254.883542,0.0,36254.883542,18124.965902,15029.193767,9433.72845,2028.664502,1642.029629,1432.251623,10800.0,0,0,118481.637883,69964.7275,"α=0.80, ρ=0.0, λ=0.00",greedy
2025-04-22,59174.562984,0.0,59174.562984,35415.424331,0.0,35415.424331,19287.464293,15500.548594,3234.717969,1642.029629,1777.915721,1619.630052,10800.0,0,0,117811.001017,65658.0717,"α=0.80, ρ=0.0, λ=0.00",greedy
2025-04-23,59562.729424,0.0,59562.729424,35412.530893,0.0,35412.530893,18749.227457,14934.521132,4348.106382,1777.915721,2058.308063,1552.741502,10800.0,0,0,118030.514767,66630.59805,"α=0.80, ρ=0.0, λ=0.00",greedy
2025-04-24,58832.520291,0.0,58832.520291,35090.800816,0.0,35090.800816,17905.441836,14740.890856,8577.86261,2058.308063,1794.438098,1506.535593,10800.0,0,0,117497.779667,70407.672967,"α=0.80, ρ=0.0, λ=0.00",greedy
2025-04-25,26259.887933,0.0,26259.887933,12931.838419,0.0,12931.838419,12372.518468,10110.43192,21997.443735,1794.438098,1695.891475,1581.874686,10800.0,0,0,71763.3212,69762.96355,"α=0.80, ρ=0.0, λ=0.00",greedy
2025-04-26,26137.352858,0.0,26137.352858,12809.281095,0.0,12809.281095,12526.319821,10387.294186,23928.133589,1695.891475,1428.14133,1300.300587,10800.0,0,0,72100.924367,72030.730733,"α=0.80, ρ=0.0, λ=0.00",greedy
2025-04-27,56519.41812,635.697044,57155.115163,33385.844477,4434.622576,37820.467053,20204.749043,16286.587531,4663.482467,1428.14133,1516.207102,1200.0,10800.0,1,1,117032.522533,68459.05135,"α=0.80, ρ=0.0, λ=0.00",greedy
2025-04-28,57360.114436,3388.081242,60748.195678,34179.814416,22917.861744,57097.67616,16693.419313,13424.569914,857.378963,1516.207102,1624.095689,1200.0,10800.0,6,2,117537.3008,60915.333483,"α=0.80, ρ=0.0, λ=0.00",greedy
2025-04-29,58341.894271,100.302639,58442.19691,34737.5243,699.711209,35437.235509,17779.551307,14203.372782,7432.804668,1624.095689,1844.166552,1200.0,10800.0,1,1,117252.758717,69819.545,"α=0.80, ρ=0.0, λ=0.00",greedy
2025-04-30,58118.304817,0.0,58118.304817,34695.239822,0.0,34695.239822,18062.462313,14859.411806,6658.399877,1844.166552,1589.925071,1278.842521,10800.0,0,0,117682.880717,69426.026283,"α=0.80, ρ=0.0, λ=0.00",greedy
2025-05-01,57680.462591,2136.678998,59817.141589,34600.358366,11104.64907,45705.007436,19613.459361,16235.126277,5427.429705,1589.925071,1203.0093,1200.0,10800.0,20,2,120364.583917,69353.205117,"α=0.80, ρ=0.0, λ=0.00",greedy
2025-05-02,26830.068509,2063.116407,28893.184916,13373.319133,11127.033329,24500.352462,13298.47379,10774.47214,12078.863183,1203.0093,1200.0,1200.0,10800.0,19,3,74761.026733,60470.70665,"α=0.80, ρ=0.0, λ=0.00",greedy
2025-05-03,27294.502514,1331.763551,28626.266065,13603.08418,7286.153691,20889.237871,13093.61814,10601.719009,17267.195284,1200.0,1204.568538,1200.0,10800.0,15,2,74894.849283,66027.677633,"α=0.80, ρ=0.0, λ=0.00",greedy
2025-05-04,59855.284832,1561.918481,61417.203313,35625.547563,8413.973136,44039.520699,17313.361273,13987.43554,6356.610247,1204.568538,1244.998638,1200.0,10800.0,18,2,120670.084233,68935.4169,"α=0.80, ρ=0.0, λ=0.00",greedy
2025-05-05,60577.589738,1469.242764,62046.832502,35946.124894,8574.47577,44520.600664,20322.892237,16488.9744,3136.907865,1244.998638,1214.518985,1200.0,10800.0,17,3,120612.163867,65536.157067,"α=0.80, ρ=0.0, λ=0.00",greedy
2025-05-06,61426.081911,1384.107058,62810.188969,36502.268552,6742.436844,43244.705396,20110.892607,16302.890098,6132.104093,1214.518985,1200.0,1200.0,10800.0,18,3,121017.1901,68147.107733,"α=0.80, ρ=0.0, λ=0.00",greedy
2025-05-07,62108.119725,1539.913352,63648.033077,36863.412516,9026.481292,45889.893808,19535.267059,15744.183971,4789.104039,1200.0,1288.202608,1200.0,10800.0,16,2,121160.215017,66092.369067,"α=0.80, ρ=0.0, λ=0.00",greedy
2025-05-08,63161.645871,35.99925,63197.645121,38722.694189,243.228933,38965.923122,19699.227649,15354.589874,3026.494946,1288.202608,1956.852077,1288.202608,10800.0,1,1,120445.477383,64618.964983,"α=0.80, ρ=0.0, λ=0.00",greedy
2025-05-09,29196.839028,0.0,29196.839028,15732.758159,0.0,15732.758159,13347.184125,10143.208244,17493.477297,1956.852077,2699.086407,1838.151598,10800.0,0,0,74253.82545,65754.4396,"α=0.80, ρ=0.0, λ=0.00",greedy
2025-05-10,28605.194188,0.0,28605.194188,15583.941466,0.0,15583.941466,11687.987881,9871.080659,14667.241682,2699.086407,2250.408102,1883.291572,10800.0,0,0,74647.98705,62526.941767,"α=0.80, ρ=0.0, λ=0.00",greedy
2025-05-11,64514.281797,41.180717,64555.462514,39350.592095,277.361039,39627.953135,18292.708441,14982.672603,5761.347593,2250.408102,2066.431696,1407.831924,10800.0,2,1,120743.090417,65259.011333,"α=0.80, ρ=0.0, λ=0.00",greedy
2025-05-12,65322.552044,0.0,65322.552044,39606.893943,0.0,39606.893943,16625.743982,13175.749792,9941.36262,2066.431696,2389.879289,1600.063763,10800.0,0,0,120448.603617,68517.408383,"α=0.80, ρ=0.0, λ=0.00",greedy
2025-05-13,64407.587026,0.0,64407.587026,39116.884445,0.0,39116.884445,18161.207527,14714.171381,7831.338114,2389.879289,2385.88675,1441.994923,10800.0,0,0,120269.6316,67140.418833,"α=0.80, ρ=0.0, λ=0.00",greedy
2025-05-14,64098.328186,0.0,64098.328186,39080.460221,0.0,39080.460221,17646.901969,14238.232725,7675.510159,2385.88675,2447.839939,1819.787387,10800.0,0,0,120592.005267,67577.856483,"α=0.80, ρ=0.0, λ=0.00",greedy
2025-05-15,63341.402169,0.0,63341.402169,38979.650625,0.0,38979.650625,18519.292631,14335.112306,6392.163561,2447.839939,3187.300745,2277.139269,10800.0,0,0,119598.309817,66833.251533,"α=0.80, ρ=0.0, λ=0.00",greedy
2025-05-16,27553.05293,0.0,27553.05293,15294.633084,0.0,15294.633084,10696.132027,9315.227036,23456.641406,3187.300745,2463.567307,2158.005631,10800.0,0,0,74681.34475,71965.838217,"α=0.80, ρ=0.0, λ=0.00",greedy
2025-05-17,28706.418277,0.0,28706.418277,15791.071616,0.0,15791.071616,11978.268591,9522.970113,15802.320716,2463.567307,2662.931135,1781.741621,10800.0,0,0,75274.530433,64825.73135,"α=0.80, ρ=0.0, λ=0.00",greedy
2025-05-18,62241.722545,0.0,62241.722545,38602.212504,0.0,38602.212504,18046.165192,14362.45492,4881.844173,2662.931135,2946.196563,2117.002708,10800.0,0,0,120687.037,67010.8689,"α=0.80, ρ=0.0, λ=0.00",greedy
2025-05-19,61990.512797,67.003333,62057.516131,38131.536926,451.903982,38583.440907,16382.761685,13732.771105,11892.309001,2946.196563,2432.047518,1667.219652,10800.0,1,1,120072.387983,72557.171433,"α=0.80, ρ=0.0, λ=0.00",greedy
2025-05-20,61310.518021,0.0,61310.518021,37836.543192,0.0,37836.543192,17316.45895,14033.247849,3499.912103,2432.047518,2424.362962,1745.44003,10800.0,0,0,120437.577717,65910.1829,"α=0.80, ρ=0.0, λ=0.00",greedy
2025-05-21,62076.593532,0.0,62076.593532,38195.511792,0.0,38195.511792,16551.340133,13260.295806,7422.933922,2424.362962,2586.907075,1914.902525,10800.0,0,0,120283.051283,68920.436,"α=0.80, ρ=0.0, λ=0.00",greedy
2025-05-22,61420.088169,2.57,61422.658169,37801.23051,17.333365,37818.563875,17366.972091,13717.67109,6956.726351,2586.907075,2975.325191,1793.933686,10800.0,1,1,119729.680017,68913.0492,"α=0.80, ρ=0.0, λ=0.00",greedy
2025-05-23,27475.941361,0.0,27475.941361,15186.511941,0.0,15186.511941,11829.920303,9367.678779,18592.750953,2975.325191,3213.721488,1817.522745,10800.0,0,0,74983.384383,68562.4355,"α=0.80, ρ=0.0, λ=0.00",greedy
2025-05-24,27891.825686,0.0,27891.825686,15561.107676,0.0,15561.107676,11333.833877,9077.945011,21881.435437,3213.721488,3327.56641,2047.218314,10800.0,0,0,74693.817817,70939.316433,"α=0.80, ρ=0.0, λ=0.00",greedy
2025-05-25,60916.823978,0.0,60916.823978,37681.911052,0.0,37681.911052,15665.068991,13212.541666,9919.28647,3327.56641,2745.52665,1811.42514,10800.0,0,0,120319.8776,71774.867417,"α=0.80, ρ=0.0, λ=0.00",greedy
2025-05-26,59791.611404,0.0,59791.611404,37095.933115,0.0,37095.933115,18525.551663,14841.007852,1527.234644,2745.52665,2928.514421,2061.213394,10800.0,0,0,119407.969367,64828.136417,"α=0.80, ρ=0.0, λ=0.00",greedy
2025-05-27,60648.241802,0.0,60648.241802,37588.651578,0.0,37588.651578,16275.661681,13337.272207,8319.485028,2928.514421,2757.418593,1860.341238,10800.0,0,0,120046.82735,70656.46005,"α=0.80, ρ=0.0, λ=0.00",greedy
2025-05-28,60347.367402,0.0,60347.367402,37220.38904,0.0,37220.38904,18129.765101,14503.734501,4447.512702,2757.418593,2958.946628,1819.335326,10800.0,0,0,119921.847217,67648.023117,"α=0.80, ρ=0.0, λ=0.00",greedy
2025-05-29,59891.460583,17.817433,59909.278016,36822.718521,119.777696,36942.496217,18272.098021,15111.075248,2638.131743,2958.946628,2613.751238,1679.504938,10800.0,1,1,120439.314267,66329.190767,"α=0.80, ρ=0.0, λ=0.00",greedy
2025-05-30,27830.934702,0.0,27830.934702,15169.507313,0.0,15169.507313,12060.765273,9423.906408,18597.84257,2613.751238,2997.432864,2123.926174,10800.0,0,0,74612.224483,68015.991217,"α=0.80, ρ=0.0, λ=0.00",greedy
2025-05-31,27680.513766,0.0,27680.513766,15212.808258,0.0,15212.808258,11883.628218,9602.474055,17010.178053,2997.432864,3023.282643,1773.918239,10800.0,0,0,74778.332583,66389.151033,"α=0.80, ρ=0.0, λ=0.00",greedy
2025-06-01,61490.475144,10568.762027,72059.237172,37716.175397,64812.44312,102528.618518,12932.950653,12116.644408,18.104626,3023.282643,1200.0,1200.0,9899.022297,35,3,128248.560033,57023.733733,"α=0.80, ρ=0.0, λ=0.00",greedy
2025-06-02,66446.697734,7093.722068,73540.419802,40174.865711,42379.601767,82554.467478,19765.644127,16010.171743,1144.139968,1200.0,1200.0,1200.0,9944.285791,33,2,128080.536983,59439.729533,"α=0.80, ρ=0.0, λ=0.00",greedy
2025-06-03,69421.541573,3416.370218,72837.91179,42100.016757,17997.989696,60098.006453,21477.666335,17396.909731,564.788353,1200.0,1200.0,1200.0,10800.0,32,5,128076.840567,59884.473733,"α=0.80, ρ=0.0, λ=0.00",greedy
2025-06-04,70932.385391,2811.896484,73744.281875,43013.680625,15059.018155,58072.69878,20738.274208,16798.002108,158.748959,1200.0,1200.0,1200.0,10605.81657,28,4,128539.843583,58894.582767,"α=0.80, ρ=0.0, λ=0.00",greedy
2025-06-05,73420.757966,2739.97957,76160.737536,44809.299411,13413.860202,58223.159614,22335.704555,18091.920689,767.635654,1200.0,1200.0,1200.0,10800.0,29,3,128455.920667,57306.60265,"α=0.80, ρ=0.0, λ=0.00",greedy
2025-06-06,31219.645959,4371.812324,35591.458282,16936.003946,24910.159634,41846.16358,13526.544996,10956.501446,2166.419333,1200.0,1200.0,1200.0,10800.0,27,4,82747.415,51892.4196,"α=0.80, ρ=0.0, λ=0.00",greedy
2025-06-07,36211.76748,394.661367,36606.428847,20558.653673,1840.377801,22399.031474,13743.556318,10924.058238,2660.417601,1200.0,1431.358199,1200.0,10800.0,13,6,83156.75975,52030.246583,"α=0.90, ρ=1.0, λ=0.00",greedy
2025-06-08,91757.131144,0.0,91757.131144,58412.428225,0.0,58412.428225,17330.643206,12051.60977,21293.174442,1431.358199,3638.259562,1431.358199,10800.0,0,0,128266.94665,63082.023383,"α=0.90, ρ=1.0, λ=0.00",greedy
2025-06-09,87553.006236,4.27482,87557.281056,56055.336222,12.200335,56067.536557,18272.484324,14861.472848,13213.556847,3638.259562,3570.747844,1929.848287,10800.0,1,1,128169.187983,57236.47525,"α=0.90, ρ=1.0, λ=0.00",greedy
2025-06-10,87998.717796,0.0,87998.717796,56469.333735,0.0,56469.333735,18783.771631,15237.420253,12833.922185,3570.747844,3545.675364,2192.657024,10800.0,0,0,127414.491783,55796.04755,"α=0.90, ρ=1.0, λ=0.00",greedy
2025-06-11,88763.865007,122.788605,88886.653612,56650.096427,589.535588,57239.632015,22460.756446,18052.724706,8394.175555,3545.675364,3701.773159,1800.0,10800.0,4,2,128236.677317,52152.231,"α=0.90, ρ=1.0, λ=0.00",greedy
2025-06-12,89355.316989,8.924038,89364.241028,57473.343945,40.599913,57513.943858,19340.973609,15345.147675,12916.02366,3701.773159,4058.485324,2451.410349,10800.0,1,1,127721.812983,55269.42155,"α=0.90, ρ=1.0, λ=0.00",greedy
2025-06-13,40730.039712,0.0,40730.039712,24651.083199,0.0,24651.083199,12118.72778,9671.991575,9937.989806,4058.485324,4218.683021,2553.077639,10800.0,0,0,81889.5904,53544.2767,"α=0.90, ρ=1.0, λ=0.00",greedy
2025-06-14,42838.11891,0.0,42838.11891,25673.617434,0.0,25673.617434,11142.034596,9283.914167,14786.655731,4218.683021,3931.053971,2561.416889,10800.0,0,0,82253.157117,56059.814367,"α=0.90, ρ=1.0, λ=0.00",greedy
2025-06-15,92127.60937,0.0,92127.60937,59750.493472,0.0,59750.493472,18608.395246,14271.110559,17163.35035,3931.053971,4821.820183,2767.804924,10800.0,0,0,127368.884517,56741.910183,"α=0.90, ρ=1.0, λ=0.00",greedy
2025-06-16,90554.538998,79.71795,90634.256948,58870.464501,281.883993,59152.348494,18675.254291,15226.457405,14491.407245,4821.820183,4711.263039,2607.993056,10800.0,4,1,127618.632017,54924.5792,"α=0.90, ρ=1.0, λ=0.00",greedy
2025-06-17,89714.296352,344.334389,90058.630741,58050.656052,1470.267347,59520.9234,18272.748498,15238.968583,12387.83961,4711.263039,4224.549372,2341.774047,10800.0,5,1,127311.7546,52674.743383,"α=0.90, ρ=1.0, λ=0.00",greedy
2025-06-18,91734.338532,0.0,91734.338532,59403.618246,0.0,59403.618246,17053.260795,13464.529433,17217.21627,4224.549372,4611.895829,2537.537608,10800.0,0,0,126909.078917,55980.688017,"α=0.90, ρ=1.0, λ=0.00",greedy
2025-06-19,90423.385312,0.0,90423.385312,58704.33599,0.0,58704.33599,17902.577457,14637.140907,18898.444561,4611.895829,4460.725645,2399.539227,10800.0,0,0,127349.0669,59089.5627,"α=0.90, ρ=1.0, λ=0.00",greedy
2025-06-20,41823.771724,0.0,41823.771724,25512.431425,0.0,25512.431425,10796.390782,8542.689517,17169.489609,4460.725645,4685.600107,2939.534333,10800.0,0,0,81137.079717,58736.498867,"α=0.90, ρ=1.0, λ=0.00",greedy
2025-06-21,41410.81901,0.0,41410.81901,25342.184085,0.0,25342.184085,11456.069309,8942.169743,19562.179043,4685.600107,5060.318327,2775.315804,10800.0,0,0,81408.0648,62073.3244,"α=0.90, ρ=1.0, λ=0.00",greedy
2025-06-22,86564.147064,0.0,86564.147064,56099.665246,0.0,56099.665246,16942.946519,14254.489987,16418.349431,5060.318327,4470.647987,2409.067976,10800.0,0,0,126539.461917,59082.120817,"α=0.90, ρ=1.0, λ=0.00",greedy
2025-06-23,86262.601101,0.0,86262.601101,55604.39224,0.0,55604.39224,18127.645505,14774.312681,15847.982277,4470.647987,4369.625962,2605.729818,10800.0,0,0,126690.873083,59629.587083,"α=0.90, ρ=1.0, λ=0.00",greedy
2025-06-24,85030.679315,1431.663257,86462.342572,54834.320999,6902.16397,61736.484969,21112.908257,16837.468799,5918.110864,4369.625962,4662.944729,1800.0,10800.0,19,3,127112.845017,50844.052767,"α=0.90, ρ=1.0, λ=0.00",greedy
2025-06-25,87456.659417,0.0,87456.659417,56549.309582,0.0,56549.309582,18764.038528,15372.297803,13627.497325,4662.944729,4470.248511,2531.124601,10800.0,0,0,126310.408433,55872.987067,"α=0.90, ρ=1.0, λ=0.00",greedy
2025-06-26,88511.16055,0.0,88511.16055,57456.146445,0.0,57456.146445,17647.228548,14552.246439,17868.794608,4470.248511,4183.591494,2395.472084,10800.0,0,0,126697.445367,59150.061533,"α=0.90, ρ=1.0, λ=0.00",greedy
2025-06-27,40662.021946,0.0,40662.021946,24394.582949,0.0,24394.582949,11988.58283,8964.257038,17866.050288,4183.591494,5013.030444,2804.246444,10800.0,0,0,79563.255,59791.609133,"α=0.90, ρ=1.0, λ=0.00",greedy
2025-06-28,39673.842164,0.0,39673.842164,23874.632849,0.0,23874.632849,10554.972234,8753.653192,16095.597005,5013.030444,4786.22413,2980.085667,10800.0,0,0,80661.5728,58884.646683,"α=0.90, ρ=1.0, λ=0.00",greedy
2025-06-29,87009.773728,0.0,87009.773728,56344.990459,0.0,56344.990459,16679.004061,13622.982477,14685.98361,4786.22413,4660.680588,2519.363673,10800.0,0,0,126384.808717,57117.040183,"α=0.90, ρ=1.0, λ=0.00",greedy
2025-06-30,84714.245591,124.311767,84838.557357,54715.295613,491.258736,55206.554349,17517.316066,14806.216724,12249.774031,4660.680588,3974.913133,2390.66701,10800.0,2,1,125947.320583,56069.6366,"α=0.90, ρ=1.0, λ=0.00",greedy
2025-07-01,84662.611478,2210.241215,86872.852693,54297.37987,7135.831767,61433.211636,16744.320427,16060.321365,7322.309598,3974.913133,1200.0,1200.0,10800.0,41,12,141546.851067,62680.307033,"α=0.90, ρ=1.0, λ=0.00",greedy
2025-07-02,85961.263191,2732.671692,88693.934883,54216.777665,9713.66785,63930.445515,17087.187622,13820.05728,12522.038175,1200.0,1222.84966,1200.0,10800.0,48,11,141198.658217,68293.89185,"α=0.90, ρ=1.0, λ=0.00",greedy
2025-07-03,83963.546176,2960.259353,86923.805529,52906.882225,11252.402576,64159.284801,20543.854014,16590.693442,3210.226024,1222.84966,1278.214448,1200.0,10800.0,53,10,141565.538633,61805.1197,"α=0.90, ρ=1.0, λ=0.00",greedy
2025-07-04,38775.649657,2802.418701,41578.068357,22651.351806,9898.204105,32549.55591,13128.204451,10704.238608,10273.235048,1278.214448,1200.0,1200.0,10800.0,70,14,95795.06575,66914.198283,"α=0.90, ρ=1.0, λ=0.00",greedy
2025-07-05,39720.430349,2177.57439,41898.004739,22912.707606,9377.862684,32290.57029,13483.646685,10912.934036,10537.212124,1200.0,1209.799754,1200.0,10800.0,47,11,95872.8349,67082.754933,"α=0.90, ρ=1.0, λ=0.00",greedy
2025-07-06,79733.703217,4712.169929,84445.873146,49612.687561,21278.890484,70891.578045,21478.854598,17406.692003,579.729001,1209.799754,1200.0,1200.0,10783.486301,67,12,141244.57465,61450.5931,"α=0.90, ρ=1.0, λ=0.00",greedy
2025-07-07,81720.58527,986.155365,82706.740635,51064.268956,3853.730353,54917.99931,19482.545455,15586.879277,5401.591691,1200.0,1415.536157,1200.0,10800.0,27,12,141495.39415,68085.911383,"α=0.90, ρ=1.0, λ=0.00",greedy
2025-07-08,93975.786571,57.330906,94033.117477,59981.54381,230.266142,60211.809952,22075.788516,15647.713864,12033.655808,1415.536157,3897.397083,1415.536157,10800.0,3,2,141285.227,65713.839983,"α=0.90, ρ=1.0, λ=0.00",greedy
2025-07-09,90202.973321,3.198026,90206.171347,58187.473947,17.176598,58204.650545,18427.616929,14658.596005,12378.425406,3897.397083,4194.923425,2455.563034,10800.0,1,1,140590.704967,66531.97995,"α=0.90, ρ=1.0, λ=0.00",greedy
2025-07-10,89952.8436,18.254718,89971.098318,58155.861144,71.403328,58227.264472,18294.696299,15056.91141,13879.690045,4194.923425,3930.248528,2197.647527,10800.0,1,1,140463.54225,67609.918867,"α=0.90, ρ=1.0, λ=0.00",greedy
2025-07-11,46810.274941,0.0,46810.274941,29184.303477,0.0,29184.303477,12583.548969,10005.074849,11713.023672,3930.248528,4138.692767,2533.212984,10800.0,0,0,94741.0884,62222.31125,"α=0.90, ρ=1.0, λ=0.00",greedy
2025-07-12,46595.021316,45.310763,46640.332079,28889.836416,179.458137,29069.294553,11895.638064,9902.680464,13563.131145,4138.692767,3841.788731,2262.542273,10800.0,2,2,95318.3711,64234.127767,"α=0.90, ρ=1.0, λ=0.00",greedy
2025-07-13,90878.777079,10.678549,90889.455627,58646.898539,71.786543,58718.685083,16850.360864,13433.619394,18204.993757,3841.788731,4080.869738,2374.755636,10800.0,1,1,139893.366483,70625.646083,"α=0.90, ρ=1.0, λ=0.00",greedy
2025-07-14,89473.691232,9.696179,89483.387411,57465.24503,59.694525,57524.939555,16480.056471,13394.772347,14590.42407,4080.869738,4029.840176,2210.454633,10800.0,1,1,141062.423467,69254.74425,"α=0.90, ρ=1.0, λ=0.00",greedy
2025-07-15,92305.490264,0.0,92305.490264,59761.554456,0.0,59761.554456,17028.085839,12624.883481,15153.237323,4029.840176,5327.469119,2865.661523,10800.0,0,0,139545.162667,66796.112083,"α=0.90, ρ=1.0, λ=0.00",greedy
2025-07-16,90381.010807,129.255884,90510.266691,58517.535183,543.040287,59060.57547,15850.119155,13209.981678,15735.56583,5327.469119,4914.818939,2659.811122,10800.0,3,2,140365.265383,68230.702,"α=0.90, ρ=1.0, λ=0.00",greedy
2025-07-17,89876.635647,0.0,89876.635647,58156.304792,0.0,58156.304792,18720.454009,15112.702117,13548.467688,4914.818939,4971.336306,2841.71987,10800.0,0,0,139569.159283,66848.743217,"α=0.90, ρ=1.0, λ=0.00",greedy
2025-07-18,47839.831241,0.0,47839.831241,30069.197579,0.0,30069.197579,11939.2568,9551.870927,14178.197268,4971.336306,5103.477508,2792.830325,10800.0,0,0,93698.0732,62423.8251,"α=0.90, ρ=1.0, λ=0.00",greedy
2025-07-19,44975.627282,0.0,44975.627282,28024.588069,0.0,28024.588069,11011.054881,9990.901581,16772.654931,5103.477508,3912.425144,2315.648715,10800.0,0,0,94564.5224,67381.70335,"α=0.80, ρ=0.0, λ=0.00",greedy
2025-07-20,87846.426122,0.0,87846.426122,56454.25344,0.0,56454.25344,17860.9441,14240.037681,12135.541486,3912.425144,4165.010745,2549.366485,10800.0,0,0,138750.538767,66660.56055,"α=0.80, ρ=0.0, λ=0.00",greedy
2025-07-21,88481.14297,0.0,88481.14297,56999.377235,0.0,56999.377235,18255.4195,14592.291036,10828.265157,4165.010745,4381.231587,2602.290256,10800.0,0,0,138442.8198,64453.07045,"α=0.80, ρ=0.0, λ=0.00",greedy
2025-07-22,87807.2066,0.0,87807.2066,56531.607865,0.0,56531.607865,17739.847595,14892.727951,11164.94234,4381.231587,3799.618922,2317.068756,10800.0,0,0,139514.858817,65719.7142,"α=0.80, ρ=0.0, λ=0.00",greedy
2025-07-23,88581.134979,0.0,88581.134979,56771.823566,0.0,56771.823566,19398.859266,15594.919627,10560.648223,3799.618922,3930.903786,2365.959935,10800.0,0,0,139450.03365,65233.486533,"α=0.80, ρ=0.0, λ=0.00",greedy
2025-07-24,87418.695108,0.0,87418.695108,56103.259478,0.0,56103.259478,18847.695269,14836.746632,9791.274471,3930.903786,4408.555493,2534.94666,10800.0,0,0,138902.217517,65285.745517,"α=0.80, ρ=0.0, λ=0.00",greedy
2025-07-25,45227.804852,0.0,45227.804852,27989.72604,0.0,27989.72604,11451.395248,9473.454716,16744.544753,4408.555493,4188.750421,2436.907996,10800.0,0,0,92354.839683,65849.520117,"α=0.80, ρ=0.0, λ=0.00",greedy
2025-07-26,46024.916665,0.0,46024.916665,28632.313122,0.0,28632.313122,11953.598802,9671.809119,15274.035415,4188.750421,4200.534766,2350.356831,10800.0,0,0,93187.689933,64718.598367,"α=0.80, ρ=0.0, λ=0.00",greedy
2025-07-27,87011.252944,0.0,87011.252944,55862.486532,0.0,55862.486532,20896.022779,16908.215437,9338.255803,4200.534766,4220.049226,1263.371231,10800.0,0,0,138110.196283,64425.006483,"α=0.80, ρ=0.0, λ=0.00",greedy
2025-07-28,87250.984175,0.0,87250.984175,56117.429008,0.0,56117.429008,19893.516764,16324.583837,5727.174015,4220.049226,3985.787828,2122.441934,10800.0,0,0,138228.998433,60274.1212,"α=0.80, ρ=0.0, λ=0.00",greedy
2025-07-29,89323.245271,0.0,89323.245271,57416.709148,0.0,57416.709148,18874.281931,15242.735979,9622.453368,3985.787828,4036.268256,2294.9898,10800.0,0,0,138314.745117,62245.499167,"α=0.80, ρ=0.0, λ=0.00",greedy
2025-07-30,89261.292241,0.0,89261.292241,57410.333857,0.0,57410.333857,17963.38413,14514.957165,11709.611225,4036.268256,4075.583791,2445.470719,10800.0,0,0,138424.364433,64321.110383,"α=0.80, ρ=0.0, λ=0.00",greedy
2025-07-31,87637.998769,0.0,87637.998769,56128.064079,0.0,56128.064079,18242.595989,15624.763062,10325.169575,4075.583791,3133.072335,1806.197439,10800.0,0,0,137423.313717,62728.31745,"α=0.80, ρ=0.0, λ=0.00",greedy
2025-08-01,43767.398842,0.0,43767.398842,26495.236964,0.0,26495.236964,11932.194874,9665.543167,20249.387467,3133.072335,3132.555314,1821.208017,10800.0,0,0,92719.4241,71468.064433,"α=0.80, ρ=0.0, λ=0.00",greedy
2025-08-02,42820.628553,0.0,42820.628553,26046.29863,0.0,26046.29863,12072.11646,9751.674676,19573.161836,3132.555314,3162.266044,1942.172572,10800.0,0,0,91562.244217,70635.219283,"α=0.80, ρ=0.0, λ=0.00",greedy
2025-08-03,81630.644796,64.516521,81695.161317,51697.199143,434.78057,52131.979713,16405.691511,14399.167407,16849.15723,3162.266044,1928.313508,1470.017684,10800.0,3,1,138062.48615,75223.006167,"α=0.80, ρ=0.0, λ=0.00",greedy
2025-08-04,79201.516707,8.164051,79209.680758,49995.669263,54.968557,50050.63782,18655.067425,14626.892859,9765.851108,1928.313508,2465.771014,1774.126435,10800.0,1,1,138312.10695,72896.451867,"α=0.80, ρ=0.0, λ=0.00",greedy
2025-08-05,76555.360318,0.0,76555.360318,48659.059876,0.0,48659.059876,18139.715374,14831.388058,8094.723269,2465.771014,2312.194786,1904.061815,10800.0,0,0,136458.497283,71306.18755,"α=0.80, ρ=0.0, λ=0.00",greedy
2025-08-06,75024.600883,422.524853,75447.125736,47691.21092,2947.533376,50638.744296,18176.359864,15467.498704,4623.86531,2312.194786,1484.808992,1200.0,10800.0,1,1,136716.0878,68601.688533,"α=0.80, ρ=0.0, λ=0.00",greedy
2025-08-07,75618.324125,9.749884,75628.074009,48132.556568,65.875091,48198.431659,19410.218231,15191.387328,8021.257856,1484.808992,2074.686147,1484.808992,10800.0,1,1,136850.754467,73462.769217,"α=0.80, ρ=0.0, λ=0.00",greedy
2025-08-08,41103.564036,0.0,41103.564036,24441.44961,0.0,24441.44961,13259.878551,10449.713652,22518.227887,2074.686147,2397.783896,1861.165559,10800.0,0,0,90703.216117,74928.044867,"α=0.80, ρ=0.0, λ=0.00",greedy
2025-08-09,40009.924417,0.0,40009.924417,23877.272083,0.0,23877.272083,12526.436553,10426.12883,18987.687694,2397.783896,2086.989205,1789.583301,10800.0,0,0,90303.83175,71381.90275,"α=0.80, ρ=0.0, λ=0.00",greedy
2025-08-10,73941.214137,5.484641,73946.698778,47306.281387,36.991161,47343.272548,17961.322257,14343.863656,5024.621127,2086.989205,2314.552951,1687.814649,10800.0,1,1,136535.444717,71230.825667,"α=0.80, ρ=0.0, λ=0.00",greedy
2025-08-11,74053.120672,123.756665,74176.877337,47119.251778,834.144947,47953.396725,19044.912611,15816.109452,6386.820845,2314.552951,1881.519355,1321.937855,10800.0,5,2,136422.263517,71861.010183,"α=0.80, ρ=0.0, λ=0.00",greedy
2025-08-12,72590.998666,884.849616,73475.848282,46077.891793,6080.707868,52158.599662,18353.202873,14917.654047,2279.755805,1881.519355,1824.230778,1200.0,10800.0,8,2,136637.5967,68877.05305,"α=0.80, ρ=0.0, λ=0.00",greedy
2025-08-13,74105.766968,116.843914,74222.610882,47004.040975,790.784579,47794.825554,18822.020955,14885.718105,4165.328583,1824.230778,2224.362854,1510.816903,10800.0,4,3,136547.997183,70427.017733,"α=0.80, ρ=0.0, λ=0.00",greedy
2025-08-14,74386.973447,97.383602,74484.357049,47119.599129,667.375219,47786.974348,20218.429042,16641.88604,4981.523063,2224.362854,1929.964503,1399.074916,10800.0,3,2,135936.055367,70009.764383,"α=0.80, ρ=0.0, λ=0.00",greedy
2025-08-15,40121.76885,0.0,40121.76885,23821.243979,0.0,23821.243979,13580.180452,10952.160946,20334.022461,1929.964503,1983.059192,1732.753903,10800.0,0,0,89968.057767,72808.330883,"α=0.80, ρ=0.0, λ=0.00",greedy
2025-08-16,40077.100482,0.0,40077.100482,23726.590856,0.0,23726.590856,13248.417503,10760.010973,20659.413586,1983.059192,1951.067197,1343.220508,10800.0,0,0,90183.53035,73254.249983,"α=0.80, ρ=0.0, λ=0.00",greedy
2025-08-17,73422.035937,85.588224,73507.624161,46809.53404,576.434882,47385.968922,19220.421487,15370.001638,6491.810696,1951.067197,2171.666937,1486.332593,10800.0,3,1,135369.1165,72203.722883,"α=0.80, ρ=0.0, λ=0.00",greedy
2025-08-18,72732.375567,153.891771,72886.267338,46319.15341,1043.112282,47362.265692,19772.244384,15896.789398,4616.696735,2171.666937,2303.587551,1590.545855,10800.0,5,3,135710.174717,71316.0591,"α=0.80, ρ=0.0, λ=0.00",greedy
2025-08-19,72224.455637,110.636172,72335.09181,46258.185281,746.409172,47004.594453,18034.865516,14867.034552,4849.600795,2303.587551,2016.039236,1599.957556,10800.0,3,2,135364.482883,71046.822833,"α=0.80, ρ=0.0, λ=0.00",greedy
2025-08-20,72450.904528,2460.549318,74911.453846,46326.843059,15830.395145,62157.238204,19213.663265,15931.51863,978.618145,2016.039236,1606.648808,1200.0,10800.0,12,3,135048.053667,64397.3626,"α=0.80, ρ=0.0, λ=0.00",greedy
2025-08-21,75021.603362,8.078398,75029.68176,47694.638259,54.462429,47749.100689,19034.789748,15017.173902,5167.647431,1606.648808,2052.2108,1541.434483,10800.0,2,2,134971.7989,69127.380417,"α=0.80, ρ=0.0, λ=0.00",greedy
2025-08-22,40422.665285,38.172256,40460.837541,23856.003851,262.709724,24118.713575,13429.557146,11333.966564,17134.677559,2052.2108,1545.516049,1200.0,10800.0,2,2,90531.7304,69301.161,"α=0.80, ρ=0.0, λ=0.00",greedy
2025-08-23,41176.313212,0.0,41176.313212,24321.76159,0.0,24321.76159,13695.547719,10629.330216,15580.089559,1545.516049,2061.14209,1545.516049,10800.0,0,0,89697.146233,67167.140083,"α=0.80, ρ=0.0, λ=0.00",greedy
2025-08-24,76054.164894,0.0,76054.164894,48338.843961,0.0,48338.843961,19786.45473,15942.670616,8476.791297,2061.14209,2154.872884,1763.215745,10800.0,0,0,135068.0714,71334.481917,"α=0.80, ρ=0.0, λ=0.00",greedy
2025-08-25,75833.821398,32.62872,75866.450118,48263.642358,225.19367,48488.836028,20447.563157,16972.345788,1618.145732,2154.872884,1699.517738,1200.0,10800.0,2,2,134511.61375,63738.526733,"α=0.80, ρ=0.0, λ=0.00",greedy
2025-08-26,76586.021692,1.860065,76587.881758,48715.307211,12.975816,48728.283027,20494.277974,15903.495697,6468.281097,1699.517738,2473.817141,1699.517738,10800.0,1,1,134368.963933,68840.14555,"α=0.80, ρ=0.0, λ=0.00",greedy
2025-08-27,75275.479388,12.335359,75287.814747,48320.7422,83.053972,48403.796172,20383.758831,16866.494007,3856.401056,2473.817141,2078.651192,1546.796116,10800.0,1,1,133788.3821,65874.233233,"α=0.80, ρ=0.0, λ=0.00",greedy
2025-08-28,76467.823066,92.530909,76560.353976,48901.187718,623.726171,49524.913889,21130.842826,17001.187565,1662.903732,2078.651192,2206.20133,1572.636463,10800.0,3,2,134543.816567,63776.021583,"α=0.80, ρ=0.0, λ=0.00",greedy
2025-08-29,41877.052658,0.0,41877.052658,25165.094778,0.0,25165.094778,14231.622208,11394.887406,16485.097505,2206.20133,2353.675311,1784.996951,10800.0,0,0,88328.33255,65773.1122,"α=0.80, ρ=0.0, λ=0.00",greedy
2025-08-30,40484.650517,0.0,40484.650517,24154.650405,0.0,24154.650405,12682.613882,11034.6801,20323.996902,2353.675311,1507.272137,1362.838352,10800.0,0,0,89025.087583,70512.36775,"α=0.70, ρ=0.0, λ=0.00",greedy
2025-08-31,75040.392001,49.054291,75089.446293,47795.575938,333.71443,48129.290369,20864.066426,16367.642373,3946.399156,1507.272137,2098.662617,1335.796109,10800.0,4,3,133365.359833,66718.73675,"α=0.70, ρ=0.0, λ=0.00",greedy
2025-09-01,74428.009552,0.0,74428.009552,47391.01519,0.0,47391.01519,19943.459555,12956.565451,13866.980915,2098.662617,5651.592382,2098.662617,10800.0,0,0,121263.619267,67689.484733,"α=0.70, ρ=0.0, λ=0.00",greedy
2025-09-02,69757.199421,0.0,69757.199421,45247.496034,0.0,45247.496034,17960.181565,14737.501081,12476.763087,5651.592382,5440.75459,2370.008357,10800.0,0,0,121532.82415,67475.0683,"α=0.70, ρ=0.0, λ=0.00",greedy
2025-09-03,68666.188319,0.0,68666.188319,44666.811512,0.0,44666.811512,15931.058624,12983.057287,10170.469731,5440.75459,5353.088144,3031.33228,10800.0,0,0,121433.716433,65885.999183,"α=0.70, ρ=0.0, λ=0.00",greedy
2025-09-04,69147.173869,0.0,69147.173869,45061.072611,0.0,45061.072611,17542.187654,14192.191402,11871.612067,5353.088144,5371.955475,2854.858368,10800.0,0,0,121061.173033,67135.607483,"α=0.70, ρ=0.0, λ=0.00",greedy
2025-09-05,36378.776081,0.0,36378.776081,22313.776564,0.0,22313.776564,12684.258919,9960.553745,26830.80924,5371.955475,5720.506564,3381.623296,10800.0,0,0,75132.98045,68308.718783,"α=0.70, ρ=0.0, λ=0.00",greedy
2025-09-06,36434.128716,0.0,36434.128716,22433.08139,0.0,22433.08139,13480.76628,10518.054361,25750.333097,5720.506564,6166.469148,3618.487858,10800.0,0,0,75826.374167,68105.290467,"α=0.70, ρ=0.0, λ=0.00",greedy
2025-09-07,67092.367305,0.0,67092.367305,44023.042016,0.0,44023.042016,16861.113955,14441.572864,9711.842597,6166.469148,5295.279637,2658.922019,10800.0,0,0,120781.009033,65820.025417,"α=0.70, ρ=0.0, λ=0.00",greedy
2025-09-08,58759.363693,1109.133756,59868.49745,37492.931181,7651.790728,45144.721909,15603.657274,15886.4037,755.674342,5295.279637,1687.011516,1200.0,10800.0,2,1,121400.592433,62005.0229,"α=0.70, ρ=0.0, λ=0.00",greedy
2025-09-09,64109.892416,0.0,64109.892416,40157.408227,0.0,40157.408227,19906.571166,15590.293533,6690.780516,1687.011516,2280.377196,1681.425324,10800.0,0,0,121082.235583,67979.401317,"α=0.70, ρ=0.0, λ=0.00",greedy
2025-09-10,62713.354957,2615.358091,65328.713047,39474.248712,16412.466196,55886.714907,18998.229642,15706.095456,720.580211,2280.377196,1927.5667,1200.0,10800.0,10,2,121274.788483,59958.789833,"α=0.70, ρ=0.0, λ=0.00",greedy
2025-09-11,65049.280768,0.0,65049.280768,40671.611005,0.0,40671.611005,20366.950457,16145.221689,7331.466216,1927.5667,2318.686902,1728.216043,10800.0,0,0,120746.77835,67250.692567,"α=0.70, ρ=0.0, λ=0.00",greedy
2025-09-12,31807.504844,0.0,31807.504844,17956.848331,0.0,17956.848331,13940.155238,11256.777702,17572.471108,2318.686902,2357.295836,1293.845638,10800.0,0,0,75687.227117,64135.570917,"α=0.70, ρ=0.0, λ=0.00",greedy
2025-09-13,32374.181185,0.0,32374.181185,18255.430837,0.0,18255.430837,13900.040692,11104.263577,21571.302587,2357.295836,2529.261818,1904.273773,10800.0,0,0,75063.583117,67056.481633,"α=0.70, ρ=0.0, λ=0.00",greedy
2025-09-14,62610.184979,530.876159,63141.061138,39461.174385,3608.285948,43069.460333,18980.386108,16464.370158,525.720437,2529.261818,1317.864696,1200.0,10800.0,3,1,121237.695667,61138.370917,"α=0.70, ρ=0.0, λ=0.00",greedy
2025-09-15,63305.021616,331.761131,63636.782746,39093.460621,2302.023574,41395.484195,21716.113985,17551.410293,4405.048421,1317.864696,1360.80029,1200.0,10800.0,3,2,120760.029883,65692.99925,"α=0.70, ρ=0.0, λ=0.00",greedy
2025-09-16,61946.664514,1276.024582,63222.689096,38668.374296,7552.798033,46221.172328,20183.541042,16493.388505,40.766576,1360.80029,1200.0,1200.0,10227.163869,14,6,121843.357467,62351.587483,"α=0.70, ρ=0.0, λ=0.00",greedy
2025-09-17,63449.743466,1155.790278,64605.533744,39284.39247,6800.908554,46085.301024,20976.012211,16990.569891,659.973024,1200.0,1200.0,1200.0,10670.451701,12,7,120924.795,60964.6766,"α=0.70, ρ=0.0, λ=0.00",greedy
2025-09-18,63497.406387,471.707439,63969.113826,39378.020442,2635.038243,42013.058686,21533.670825,17417.27735,896.669234,1200.0,1227.773354,1200.0,10800.0,9,4,120804.116367,61848.06525,"α=0.70, ρ=0.0, λ=0.00",greedy
2025-09-19,31549.909729,515.391425,32065.301153,17213.725067,2873.96275,20087.687818,15348.612108,12341.793931,12957.13066,1227.773354,1328.419883,1200.0,10800.0,6,2,75287.126467,59185.77415,"α=0.70, ρ=0.0, λ=0.00",greedy
2025-09-20,31372.845045,923.703101,32296.548146,17111.612572,4761.316313,21872.928886,15261.376351,12228.396276,13618.134337,1328.419883,1476.551626,1200.0,10800.0,8,2,75330.727633,59685.2939,"α=0.70, ρ=0.0, λ=0.00",greedy
2025-09-21,66164.803156,366.45611,66531.259267,40984.434471,2347.283443,43331.717914,19714.361448,16041.490392,4570.900727,1476.551626,1395.598716,1200.0,10800.0,5,2,120862.282983,62574.7955,"α=0.70, ρ=0.0, λ=0.00",greedy
2025-09-22,65823.828839,889.60371,66713.432549,40778.083702,5121.123045,45899.206747,20495.292997,16736.175038,2340.294706,1395.598716,1245.612372,1200.0,10800.0,12,4,121218.041733,60604.02185,"α=0.70, ρ=0.0, λ=0.00",greedy
2025-09-23,66665.546012,1012.679276,67678.225288,41315.172961,6522.021915,47837.194876,21590.843133,17281.645477,1252.412049,1245.612372,1475.542884,1200.0,10800.0,10,3,121182.281333,59065.66575,"α=0.70, ρ=0.0, λ=0.00",greedy
2025-09-24,66567.140491,705.564088,67272.704579,41199.540346,3784.581882,44984.122228,21458.621066,17469.790107,2220.64852,1475.542884,1377.423947,1200.0,10800.0,6,2,121014.193417,59950.968317,"α=0.70, ρ=0.0, λ=0.00",greedy
2025-09-25,66370.067227,385.682236,66755.749463,41346.054395,1545.926397,42891.980791,21343.086003,17447.581215,2524.795774,1377.423947,1200.0,1200.0,10800.0,13,4,120546.34715,60210.89825,"α=0.70, ρ=0.0, λ=0.00",greedy
2025-09-26,32686.708441,0.0,32686.708441,17863.939355,0.0,17863.939355,15361.319886,12330.15806,11961.303115,1200.0,1325.012275,1200.0,10800.0,0,0,74194.353717,56500.110217,"α=0.70, ρ=0.0, λ=0.00",greedy
2025-09-27,32478.192678,993.695347,33471.888025,17820.3199,4872.686022,22693.005923,15694.845843,12823.57711,12799.317042,1325.012275,1201.954523,1200.0,10800.0,12,4,75945.77175,58144.4695,"α=0.70, ρ=0.0, λ=0.00",greedy
2025-09-28,68765.963201,277.890103,69043.853303,42760.376742,973.555981,43733.932723,22165.927642,17956.160461,1346.456956,1201.954523,1200.0,1200.0,10800.0,11,5,120389.619583,56901.990417,"α=0.70, ρ=0.0, λ=0.00",greedy
2025-09-29,69505.38756,261.270272,69766.657832,43120.958702,1750.310597,44871.269299,21795.282112,17611.556944,2823.041064,1200.0,1247.357297,1200.0,10800.0,3,2,121111.4148,58351.5232,"α=0.70, ρ=0.0, λ=0.00",greedy
2025-09-30,70102.331829,583.117771,70685.449599,43778.845272,3350.078587,47128.923858,22425.668514,18121.767175,959.373494,1247.357297,1295.162098,1200.0,10789.466903,7,4,120916.455067,55494.2803,"α=0.70, ρ=0.0, λ=0.00",greedy
2025-10-01,71051.391134,0.0,71051.391134,44084.096936,0.0,44084.096936,19537.575983,14144.521188,15996.814805,1295.162098,3162.84583,1295.162098,10800.0,0,0,117218.454717,67556.933183,"α=0.70, ρ=0.0, λ=0.00",greedy
2025-10-02,65963.050338,0.0,65963.050338,41523.27395,0.0,41523.27395,19596.632434,15542.962321,10178.597109,3162.84583,3529.856886,2230.280436,10800.0,0,0,117231.709783,65500.926667,"α=0.70, ρ=0.0, λ=0.00",greedy
2025-10-03,30192.376833,0.0,30192.376833,16666.189789,0.0,16666.189789,13837.911831,11196.249628,19733.560929,3529.856886,3543.700169,2005.782526,10800.0,0,0,71524.191133,63707.037433,"α=0.70, ρ=0.0, λ=0.00",greedy
2025-10-04,31190.165023,0.0,31190.165023,17459.691796,0.0,17459.691796,14061.307759,11409.726055,15442.600886,3543.700169,3521.403758,1547.897351,10800.0,0,0,72397.414833,59301.4324,"α=0.70, ρ=0.0, λ=0.00",greedy
2025-10-05,62990.915923,0.0,62990.915923,39749.824011,0.0,39749.824011,19169.081483,15841.092208,4926.965582,3521.403758,3172.363528,2143.113994,10800.0,0,0,117604.4209,62868.459833,"α=0.70, ρ=0.0, λ=0.00",greedy
2025-10-06,62904.386176,0.0,62904.386176,39792.194798,0.0,39792.194798,19931.120272,16284.774101,1524.930755,3172.363528,3016.178328,1721.435383,10800.0,0,0,117896.136133,60163.026883,"α=0.70, ρ=0.0, λ=0.00",greedy
2025-10-07,64225.518441,11.79198,64237.310421,40524.604994,55.552017,40580.157011,20652.638836,16488.30959,2301.418175,3016.178328,3283.209291,1200.0,10800.0,1,1,117357.178633,59585.615633,"α=0.70, ρ=0.0, λ=0.00",greedy
2025-10-08,62218.322037,0.0,62218.322037,38296.874689,0.0,38296.874689,19001.935426,16898.90195,3636.792894,3283.209291,1608.393452,1309.386292,10800.0,0,0,117391.06235,60912.566683,"α=0.70, ρ=0.0, λ=0.00",greedy
2025-10-09,64220.768324,0.0,64220.768324,39237.507996,0.0,39237.507996,20746.660718,16868.96312,4583.089043,1608.393452,1537.095743,1245.799246,10800.0,0,0,117432.989733,61673.00805,"α=0.70, ρ=0.0, λ=0.00",greedy
2025-10-10,30624.557481,64.101942,30688.659423,15856.160723,177.100468,16033.261191,15692.212514,12962.618024,18615.454016,1537.095743,1257.17809,1200.0,10800.0,4,3,72371.530117,63027.9192,"α=0.70, ρ=0.0, λ=0.00",greedy
2025-10-11,33276.612275,0.0,33276.612275,17459.288618,0.0,17459.288618,16525.748225,12529.545852,15174.09632,1257.17809,2208.633879,1257.17809,10800.0,0,0,71790.96475,57684.651167,"α=0.80, ρ=0.0, λ=0.00",greedy
2025-10-12,66006.410307,19.972935,66026.383243,40821.943039,93.553228,40915.496267,19541.700196,16233.702239,4203.429302,2208.633879,1758.717123,1420.358727,10800.0,1,1,117709.384183,59194.4282,"α=0.80, ρ=0.0, λ=0.00",greedy
2025-10-13,66967.617986,0.0,66967.617986,41401.928653,0.0,41401.928653,20417.22505,16264.825022,5787.822658,1758.717123,2062.191866,1535.091055,10800.0,0,0,117677.753833,60650.358533,"α=0.80, ρ=0.0, λ=0.00",greedy
2025-10-14,66074.968733,0.0,66074.968733,40834.45651,0.0,40834.45651,21106.618727,17393.335769,1587.856492,2062.191866,1732.220088,1241.207815,10800.0,0,0,118032.229183,57258.3999,"α=0.80, ρ=0.0, λ=0.00",greedy
2025-10-15,66554.048387,0.0,66554.048387,40900.79054,0.0,40900.79054,20793.986361,17100.885965,940.924341,1732.220088,1445.823407,1221.213392,10800.0,0,0,117342.480767,55422.457117,"α=0.80, ρ=0.0, λ=0.00",greedy
2025-10-16,68450.962477,1123.511714,69574.47419,42023.044994,7746.724572,49769.769566,21367.499339,17276.522094,2517.023995,1445.823407,1480.437152,1200.0,10800.0,2,1,117733.276333,54766.803383,"α=0.80, ρ=0.0, λ=0.00",greedy
2025-10-17,32668.986651,0.0,32668.986651,17070.968374,0.0,17070.968374,15779.376234,12835.376146,13720.787247,1480.437152,1420.346711,1260.060583,10800.0,0,0,71943.172533,55938.973217,"α=0.80, ρ=0.0, λ=0.00",greedy
2025-10-18,32896.654528,0.0,32896.654528,17254.302864,0.0,17254.302864,16002.743424,12622.846885,13440.164722,1420.346711,1797.430365,1420.346711,10800.0,0,0,71656.70145,55580.108183,"α=0.80, ρ=0.0, λ=0.00",greedy
2025-10-19,70527.497803,373.108971,70900.606774,43337.120586,2546.114731,45883.235317,21474.008796,17640.843218,3181.718664,1797.430365,1523.101372,1200.0,10800.0,3,1,117991.247383,54105.52485,"α=0.80, ρ=0.0, λ=0.00",greedy
2025-10-20,71597.911994,427.674303,72025.586297,44094.891486,2049.309879,46144.201365,21740.745219,17777.87015,3621.928861,1523.101372,1336.583014,1200.0,10800.0,5,1,117903.31865,53462.536283,"α=0.80, ρ=0.0, λ=0.00",greedy
2025-10-21,72454.830034,0.0,72454.830034,44559.442066,0.0,44559.442066,22411.624042,17932.609255,1513.233897,1336.583014,1581.923258,1336.583014,10800.0,0,0,117800.848983,51338.267633,"α=0.80, ρ=0.0, λ=0.00",greedy
2025-10-22,72596.632516,645.660628,73242.293144,44598.575749,3161.676427,47760.252176,21758.620671,17841.61346,3770.389234,1581.923258,1340.666905,1200.0,10800.0,8,2,117671.986533,52117.089833,"α=0.80, ρ=0.0, λ=0.00",greedy
2025-10-23,74068.384744,0.0,74068.384744,45721.589262,0.0,45721.589262,21906.973127,17524.970749,6306.885333,1340.666905,1584.752998,1340.666905,10800.0,0,0,117212.015517,53832.518483,"α=0.80, ρ=0.0, λ=0.00",greedy
2025-10-24,33184.764521,161.157421,33345.921941,17381.707814,842.352367,18224.060182,16733.601879,13644.270639,11836.539985,1584.752998,1484.693979,1200.0,10800.0,4,1,72135.518533,53715.467817,"α=0.80, ρ=0.0, λ=0.00",greedy
2025-10-25,33492.192853,108.943584,33601.136438,17495.194295,541.887696,18037.081991,16314.300249,13293.126872,11181.530328,1484.693979,1397.423234,1200.0,10800.0,3,2,72042.787,52644.354267,"α=0.80, ρ=0.0, λ=0.00",greedy
2025-10-26,74420.588018,0.0,74420.588018,46040.657364,0.0,46040.657364,21283.535294,16766.142636,5358.883344,1397.423234,1923.557625,1397.423234,10800.0,0,0,117422.34435,52878.032333,"α=0.80, ρ=0.0, λ=0.00",greedy
2025-10-27,73387.956013,42.439537,73430.39555,45465.551235,250.802821,45716.354056,21072.575233,17490.106133,6295.344783,1923.557625,1455.424076,1200.0,10800.0,2,2,117790.564317,54237.98265,"α=0.80, ρ=0.0, λ=0.00",greedy
2025-10-28,73482.329621,0.0,73482.329621,45361.448739,0.0,45361.448739,22235.002898,17832.629659,3107.534683,1455.424076,1652.893729,1296.703216,10800.0,0,0,117514.1448,51541.7231,"α=0.80, ρ=0.0, λ=0.00",greedy
2025-10-29,73393.263528,817.027142,74210.290669,45505.796483,5032.43304,50538.229524,22620.038174,18548.678676,826.674371,1652.893729,1401.285112,1200.0,10800.0,10,2,117721.614517,48409.357717,"α=0.80, ρ=0.0, λ=0.00",greedy
2025-10-30,75023.229462,3.641833,75026.871295,46482.967702,17.058347,46500.026049,21482.954601,17364.806183,6120.905228,1401.285112,1441.71516,1331.448412,10800.0,1,1,116916.070567,52128.252917,"α=0.80, ρ=0.0, λ=0.00",greedy
2025-10-31,34662.797707,0.0,34662.797707,18410.928696,0.0,18410.928696,17263.497083,13619.715905,7114.724461,1441.71516,1845.844863,1441.71516,10800.0,0,0,71748.989033,47844.696967,"α=0.80, ρ=0.0, λ=0.00",greedy
2025-11-01,34331.458397,0.0,34331.458397,18272.122161,0.0,18272.122161,16741.814649,13419.796614,8465.401928,1845.844863,2002.592921,1717.963921,10800.0,0,0,71974.209483,49430.17105,"α=0.80, ρ=0.0, λ=0.00",greedy
2025-11-02,76719.828071,134.014952,76853.843023,47776.934105,934.888306,48711.822411,21772.122382,18069.903551,4355.24026,2002.592921,1519.832452,1200.0,10800.0,1,1,117843.236317,49046.852383,"α=0.80, ρ=0.0, λ=0.00",greedy
2025-11-03,78001.994217,0.0,78001.994217,48629.304429,0.0,48629.304429,21179.025975,16862.430372,4180.468331,1519.832452,1844.922082,1519.832452,10800.0,0,0,117808.915033,48303.98475,"α=0.80, ρ=0.0, λ=0.00",greedy
2025-11-04,77467.185442,152.226993,77619.412435,48205.361698,1003.134765,49208.496463,20910.31138,17288.561732,6417.590754,1844.922082,1454.689288,1200.0,10800.0,3,3,117396.610733,49816.5387,"α=0.80, ρ=0.0, λ=0.00",greedy
2025-11-05,78295.348507,0.0,78295.348507,48878.226786,0.0,48878.226786,22226.244621,17632.855553,4023.939373,1454.689288,1866.247721,1454.689288,10800.0,0,0,117764.407617,48086.38755,"α=0.80, ρ=0.0, λ=0.00",greedy
2025-11-06,77170.810295,407.818968,77578.629263,48170.38063,1988.810451,50159.191081,22437.85944,18493.939888,2265.125161,1866.247721,1511.499119,1200.0,10800.0,5,1,117713.094133,46343.509583,"α=0.80, ρ=0.0, λ=0.00",greedy
2025-11-07,35273.729134,0.0,35273.729134,18821.001365,0.0,18821.001365,18162.015354,14491.374181,8284.626178,1511.499119,1755.786069,1390.183986,10800.0,0,0,72212.378667,48893.916883,"α=0.80, ρ=0.0, λ=0.00",greedy
2025-11-08,35085.731149,0.0,35085.731149,18590.677457,0.0,18590.677457,17070.775372,13732.489963,7956.23864,1755.786069,1861.161722,1467.628883,10800.0,0,0,72034.866817,48243.659717,"α=0.80, ρ=0.0, λ=0.00",greedy
2025-11-09,78768.9825,0.0,78768.9825,49415.548384,0.0,49415.548384,21740.916074,17722.740908,3403.99015,1861.161722,1736.051847,1433.843649,10800.0,0,0,117877.670167,46530.852983,"α=0.80, ρ=0.0, λ=0.00",greedy
2025-11-10,79643.069369,86.94261,79730.011979,49894.536562,556.349991,50450.886553,22254.716254,18203.078325,1819.93095,1736.051847,1539.653892,1200.0,10800.0,2,2,118420.102767,44561.659667,"α=0.80, ρ=0.0, λ=0.00",greedy
2025-11-11,80405.72956,0.0,80405.72956,50539.798102,0.0,50539.798102,21565.85716,17237.82661,4518.679344,1539.653892,1795.784658,1539.653892,10800.0,0,0,117957.86745,46398.847783,"α=0.80, ρ=0.0, λ=0.00",greedy
2025-11-12,80382.114825,0.0,80382.114825,50540.200831,0.0,50540.200831,21701.285733,17651.080449,5375.921791,1795.784658,1714.630207,1268.384501,10800.0,0,0,117416.713833,46460.726083,"α=0.80, ρ=0.0, λ=0.00",greedy
2025-11-13,80462.490655,38.261666,80500.752321,50681.199245,266.913382,50948.112627,21339.977605,17229.809716,3994.713115,1714.630207,1776.377034,1200.0,10800.0,1,1,117780.107267,45384.23595,"α=0.80, ρ=0.0, λ=0.00",greedy
2025-11-14,36341.566938,0.0,36341.566938,19488.125754,0.0,19488.125754,17488.246411,13901.92033,5156.785558,1776.377034,2069.220659,1624.976266,10800.0,0,0,71737.8931,44139.4378,"α=0.80, ρ=0.0, λ=0.00",greedy
2025-11-15,35739.816834,0.0,35739.816834,19133.87887,0.0,19133.87887,17653.60051,14570.54151,4444.870917,2069.220659,1767.970552,1379.999616,10800.0,0,0,72466.976817,44255.0899,"α=0.80, ρ=0.0, λ=0.00",greedy
2025-11-16,81927.199274,0.0,81927.199274,51756.44059,0.0,51756.44059,22550.090515,18315.369935,3257.934311,1767.970552,1712.640976,1480.100659,10800.0,0,0,118360.270233,43925.72585,"α=0.80, ρ=0.0, λ=0.00",greedy
2025-11-17,82910.155782,0.0,82910.155782,52420.523533,0.0,52420.523533,21675.996189,17357.481097,5895.886356,1712.640976,1934.947439,1502.397515,10800.0,0,0,117269.71065,44573.956317,"α=0.80, ρ=0.0, λ=0.00",greedy
2025-11-18,82313.68265,0.0,82313.68265,52045.155946,0.0,52045.155946,21802.21681,17741.550604,3362.464611,1934.947439,1844.108564,1454.275415,10800.0,0,0,117783.6865,42893.134667,"α=0.80, ρ=0.0, λ=0.00",greedy
2025-11-19,82526.020441,1.385,82527.405441,52127.688113,6.301058,52133.98917,22889.249727,18814.340506,3084.18462,1844.108564,1539.610534,1311.491498,10800.0,1,1,118179.70135,42811.38975,"α=0.80, ρ=0.0, λ=0.00",greedy
2025-11-20,83417.79105,0.0,83417.79105,52762.791447,0.0,52762.791447,22331.093075,17856.622023,4150.243964,1539.610534,1796.903165,1528.559057,10800.0,0,0,117846.457233,43053.3812,"α=0.80, ρ=0.0, λ=0.00",greedy
2025-11-21,36637.913936,0.0,36637.913936,19718.067327,0.0,19718.067327,18051.144632,14438.084026,4160.469263,1796.903165,2000.61775,1796.903165,10800.0,0,0,71999.1771,43134.793033,"α=0.80, ρ=0.0, λ=0.00",greedy
2025-11-22,36963.482523,0.0,36963.482523,19790.629932,0.0,19790.629932,17978.959064,14709.699146,3474.393122,2000.61775,1837.570745,1561.227149,10800.0,0,0,72549.910133,42330.08065,"α=0.80, ρ=0.0, λ=0.00",greedy
2025-11-23,84366.306609,0.0,84366.306609,53410.768956,0.0,53410.768956,23166.049547,18769.282343,4737.443122,1837.570745,1832.257178,1455.662124,10800.0,0,0,117782.6922,42550.595917,"α=0.80, ρ=0.0, λ=0.00",greedy
2025-11-24,83799.428565,18.839667,83818.268232,52960.330558,88.244999,53048.575557,21237.144797,17624.079507,6043.259242,1832.257178,1363.376932,1252.398753,10800.0,1,1,117975.687817,43813.744117,"α=0.80, ρ=0.0, λ=0.00",greedy
2025-11-25,84432.479037,0.0,84432.479037,53254.651271,0.0,53254.651271,23448.673049,18682.241634,3497.387155,1363.376932,1709.136416,1363.376932,10800.0,0,0,117682.392217,41513.73175,"α=0.80, ρ=0.0, λ=0.00",greedy
2025-11-26,84584.718831,32.993167,84617.711998,53490.860193,154.539993,53645.400186,23756.87687,18908.725636,3011.893881,1709.136416,2080.630448,1534.754977,10800.0,1,1,117686.436733,40928.76985,"α=0.80, ρ=0.0, λ=0.00",greedy
2025-11-27,84405.774688,0.0,84405.774688,53621.699846,0.0,53621.699846,22144.410115,18008.712105,4489.183945,2080.630448,2000.919434,1451.998137,10800.0,0,0,117198.14165,41417.248917,"α=0.80, ρ=0.0, λ=0.00",greedy
2025-11-28,37840.832464,0.0,37840.832464,20236.208101,0.0,20236.208101,18656.067956,15221.145277,3484.671236,2000.919434,1878.996953,1286.569663,10800.0,0,0,72239.021283,41317.782733,"α=0.80, ρ=0.0, λ=0.00",greedy
2025-11-29,38752.146648,0.0,38752.146648,20740.206158,0.0,20740.206158,18651.973525,15116.452015,287.175038,1878.996953,1869.715331,1643.508349,10773.764293,0,0,72156.199883,37226.749783,"α=0.80, ρ=0.0, λ=0.00",greedy
2025-11-30,86737.955158,6.062833,86744.017991,55079.041273,28.398311,55107.439584,24215.155981,19809.777808,2093.811701,1869.715331,1652.491483,1303.600916,10800.0,1,1,118008.834433,37764.006317,"α=0.80, ρ=0.0, λ=0.00",greedy
2025-12-01,87761.381097,3943.259718,91704.640815,55663.805963,19670.382979,75334.188942,24606.345049,20088.76043,888.128462,1652.491483,1477.357105,1200.0,10336.703633,15,4,125291.391633,38992.4639,"α=0.80, ρ=0.0, λ=0.00",greedy
2025-12-02,88415.594243,4795.598296,93211.192539,56118.187693,24445.520192,80563.707885,23988.021217,19532.231473,117.592845,1477.357105,1364.096786,1200.0,10220.268808,15,4,125400.6236,36762.81365,"α=0.80, ρ=0.0, λ=0.00",greedy
2025-12-03,89910.952023,2015.50984,91926.461863,57359.545562,10130.513249,67490.058811,24271.980254,19756.089576,247.822619,1364.096786,1257.668374,1200.0,10316.477966,14,5,124622.931133,37460.182567,"α=0.80, ρ=0.0, λ=0.00",greedy
2025-12-04,90535.739035,3097.46041,93633.199445,57833.948536,15155.164831,72989.113368,24540.66721,19794.855557,2116.179043,1257.668374,1349.984911,1200.0,10800.0,13,3,125336.25095,38565.0422,"α=0.80, ρ=0.0, λ=0.00",greedy
2025-12-05,44242.39747,1373.699192,45616.096662,23427.740267,7465.625217,30893.365484,20577.884998,16803.073268,529.657249,1349.984911,1200.0,1200.0,10123.126991,9,3,78868.071083,37556.4434,"α=0.80, ρ=0.0, λ=0.00",greedy
2025-12-06,44932.98176,2657.308113,47590.289873,23632.072229,16173.851084,39805.923314,19332.554012,15447.417906,40.52295,1200.0,1435.500938,1200.0,9733.819251,14,3,79470.82115,35806.190333,"α=0.80, ρ=0.0, λ=0.00",greedy
2025-12-07,92590.309118,513.092294,93103.401412,59343.430396,2515.408788,61858.839184,24995.612679,20223.653096,678.760578,1435.500938,1460.826687,1200.0,10800.0,4,3,125067.462917,37414.781667,"α=0.80, ρ=0.0, λ=0.00",greedy
2025-12-08,98643.53994,0.0,98643.53994,63390.750392,0.0,63390.750392,23995.731548,18955.803295,5756.40057,1460.826687,1994.98142,1409.460121,10800.0,0,0,124410.353933,36563.142817,"α=0.80, ρ=0.0, λ=0.00",greedy
2025-12-09,98230.915092,10.009678,98240.92477,63350.313916,58.141214,63408.455131,24071.032433,19552.106038,6333.544109,1994.98142,1934.348344,1378.482255,10800.0,1,1,124694.681083,37306.226817,"α=0.80, ρ=0.0, λ=0.00",greedy
2025-12-10,97902.881936,0.0,97902.881936,62966.708236,0.0,62966.708236,23251.733682,19018.254056,5281.783844,1934.348344,1729.515262,1421.964842,10800.0,0,0,124378.764517,35991.14605,"α=0.80, ρ=0.0, λ=0.00",greedy
2025-12-11,98955.144445,0.0,98955.144445,63830.91623,0.0,63830.91623,23269.562067,18640.235196,8364.562873,1729.515262,1960.748683,1573.311541,10800.0,0,0,123787.798967,37826.544267,"α=0.80, ρ=0.0, λ=0.00",greedy
2025-12-12,51370.392206,0.0,51370.392206,27212.634052,0.0,27212.634052,19905.140209,16074.454949,3825.293463,1960.748683,2014.869373,1598.567025,10800.0,0,0,78661.703683,34947.2902,"α=0.80, ρ=0.0, λ=0.00",greedy
2025-12-13,52440.513178,0.0,52440.513178,27686.609617,0.0,27686.609617,20011.875858,16068.842857,4698.946794,2014.869373,2171.287803,1657.8195,10800.0,0,0,78840.15755,35041.624167,"α=0.80, ρ=0.0, λ=0.00",greedy
2025-12-14,99061.988174,0.0,99061.988174,63986.978227,0.0,63986.978227,23511.045365,19255.451846,6027.672855,2171.287803,1936.282136,1500.138204,10800.0,0,0,124522.58585,35743.86405,"α=0.80, ρ=0.0, λ=0.00",greedy
2025-12-15,100694.15406,0.0,100694.15406,64937.582758,0.0,64937.582758,23622.344811,19149.440679,6751.691961,1936.282136,1919.236156,1446.076029,10800.0,0,0,124305.225483,34835.667517,"α=0.80, ρ=0.0, λ=0.00",greedy
2025-12-16,101238.399405,0.0,101238.399405,65544.326179,0.0,65544.326179,23444.115203,18969.967415,7346.160283,1919.236156,1941.198266,1572.222127,10800.0,0,0,124646.943383,35228.85205,"α=0.80, ρ=0.0, λ=0.00",greedy
2025-12-17,101104.395734,0.0,101104.395734,65162.027636,0.0,65162.027636,22919.965116,18556.69979,8549.283341,1941.198266,1950.611549,1437.581782,10800.0,0,0,124466.55465,36274.707583,"α=0.80, ρ=0.0, λ=0.00",greedy
2025-12-18,100464.335901,0.0,100464.335901,64973.329441,0.0,64973.329441,23480.185948,19010.951659,8628.834646,1950.611549,1959.499281,1559.565662,10800.0,0,0,124315.359267,36949.0923,"α=0.80, ρ=0.0, λ=0.00",greedy
2025-12-19,53815.068458,0.0,53815.068458,28666.465156,0.0,28666.465156,18880.035227,15418.840811,7445.482742,1959.499281,1819.485639,1541.221651,10800.0,0,0,78593.325433,35684.934133,"α=0.80, ρ=0.0, λ=0.00",greedy
2025-12-20,54302.818979,0.0,54302.818979,28907.544697,0.0,28907.544697,19392.765158,15572.527868,7626.229439,1819.485639,1970.165538,1649.328361,10800.0,0,0,78668.520117,35812.167867,"α=0.80, ρ=0.0, λ=0.00",greedy
2025-12-21,100405.381133,0.0,100405.381133,65004.18328,0.0,65004.18328,23225.759028,18740.501774,6882.342011,1970.165538,2050.568915,1480.285513,10800.0,0,0,124376.440967,35338.6591,"α=0.80, ρ=0.0, λ=0.00",greedy
2025-12-22,99997.936769,0.0,99997.936769,64521.265778,0.0,64521.265778,23396.15998,19275.367225,6939.716931,2050.568915,1690.038203,1310.017779,10800.0,0,0,124718.453817,35781.026733,"α=0.80, ρ=0.0, λ=0.00",greedy
2025-12-23,100832.748391,0.0,100832.748391,65155.346598,0.0,65155.346598,23255.669249,18547.28757,8866.274179,1690.038203,2012.043228,1533.360062,10800.0,0,0,123956.654567,36698.562033,"α=0.80, ρ=0.0, λ=0.00",greedy
2025-12-24,100179.420083,0.0,100179.420083,64572.357433,0.0,64572.357433,23390.241507,19159.410139,8094.029399,2012.043228,1775.027096,1252.175638,10800.0,0,0,123954.371283,36099.811967,"α=0.80, ρ=0.0, λ=0.00",greedy
2025-12-25,100067.230872,0.0,100067.230872,64556.79897,0.0,64556.79897,23138.553941,18666.761817,7782.990216,1775.027096,1858.879179,1339.880104,10800.0,0,0,123789.8579,35977.409367,"α=0.80, ρ=0.0, λ=0.00",greedy
2025-12-26,53590.095939,0.0,53590.095939,28534.415294,0.0,28534.415294,19781.648713,15485.834458,6286.659251,1858.879179,2455.880289,1858.879179,10800.0,0,0,78270.30765,35262.685217,"α=0.80, ρ=0.0, λ=0.00",greedy
2025-12-27,53096.463487,0.0,53096.463487,28237.194973,0.0,28237.194973,18689.264422,15355.347565,6423.737564,2455.880289,2214.720974,1590.642156,10800.0,0,0,78409.183933,35070.374867,"α=0.80, ρ=0.0, λ=0.00",greedy
2025-12-28,99851.294734,0.0,99851.294734,64663.335032,0.0,64663.335032,22310.392264,18072.446625,8804.094345,2214.720974,2213.577762,1683.017844,10800.0,0,0,123511.26975,36702.015,"α=0.80, ρ=0.0, λ=0.00",greedy
2025-12-29,99852.792876,0.0,99852.792876,64567.485953,0.0,64567.485953,22213.377275,18291.700012,8407.349346,2213.577762,1881.506185,1558.484479,10800.0,0,0,123677.306383,36153.540117,"α=0.80, ρ=0.0, λ=0.00",greedy
2025-12-30,98966.813309,0.0,98966.813309,63713.530364,0.0,63713.530364,23178.545896,18696.39927,8260.264082,1881.506185,1968.420525,1539.354219,10800.0,0,0,123526.50905,37302.10645,"α=0.80, ρ=0.0, λ=0.00",greedy
2025-12-31,97708.087748,0.0,97708.087748,62934.807493,0.0,62934.807493,23545.336198,19324.248566,4840.577183,1968.420525,1687.835807,1422.628563,10800.0,0,0,123791.705083,35145.28215,"α=0.80, ρ=0.0, λ=0.00",greedy
