day,total,plan_adj,emg,gP,gA,up,dn,r,w,charge,discharge,E0,E144,Emin,Emax,nsub
31,23221.678285265756,22022.40265629485,1199.275628970905,43826.049724,40331.644335000005,160.23934,3654.6447289999996,226.68317416666474,3119.056543835396,19144.061443497936,16082.9664115,6473.7841061851905,5833.476725888889,1200.0,10800.0,40
32,57314.83779841162,54828.771668198104,2486.0661302135204,90666.81847299999,84527.829239,0.0,6138.989234,381.9645872333314,2095.1843605473337,22925.346147119337,18467.014631433332,5833.476725888889,5947.383112259259,1200.0,10800.0,73
33,57032.88210436985,55994.9665411272,1037.9155632426477,92007.27668000001,86362.476933,94.16920999999999,5738.968957000001,148.78376766666395,1633.369472156384,23757.68373917695,19096.709010666666,5947.383112259259,6110.732910111111,1200.0,10800.0,72
34,59600.5437624889,58218.8556532229,1381.688109266002,94718.11955599999,87554.245229,461.01561999999996,7624.889946999999,223.46439060000017,2437.1157838271683,23439.0861228395,19293.356237066662,6110.732910111111,5768.847935037037,1200.0,10800.0,70
35,58135.44804393494,55420.832754599,2714.6152893359417,88672.69493299999,86675.35472199999,495.123872,2492.464083,404.77201229999866,1664.9803709917742,23498.9311026749,18832.211722699998,5768.847935037037,5993.206235555555,1200.0,10800.0,62
36,57977.48172988206,57891.27247311423,86.20925676783479,94863.47654100001,86362.1540185,504.88019699999995,9006.202719500001,16.24021600000026,1725.9333683127588,23434.527988687245,19053.124339166665,5993.206235555555,5914.143270744453,1210.0349214111181,10800.0,75
37,24716.108491741692,21502.0589773481,3214.0495143935923,44249.010904,39925.575240000006,0.0,4323.435664,547.1538675000012,5082.210305761327,19304.205170572008,15719.366035499997,5914.143270744453,5821.965662592593,1200.0,10800.0,41
38,20304.994116668884,20248.7465493922,56.24756727668648,36124.057328,37541.446324000004,1417.3889960000001,0.0,9.201303333336575,1731.6024388148157,19752.248811851852,15510.366339999997,5821.965662592593,6365.249215481482,1200.0,10800.0,34
39,55342.341132600806,55342.341132600806,0.0,85822.186341,85699.530323,1652.682069,1775.338087,0.0,1932.8949137654427,22545.26871790123,18334.04927533333,6365.249215481482,6284.8252001111105,1408.4584217407405,10800.0,68
40,50670.607942852344,50653.334621137845,17.27332171450037,82757.4668445,79190.645877,269.6877559999999,3836.5087235000005,3.944131000000084,789.1042368971275,23082.741635102873,19003.89344733333,6284.8252001111105,5943.855508000001,1274.9662882222217,10800.0,66
41,51790.0531521209,51365.40331198397,424.64984013692447,83085.7661113,80292.04659530001,480.222371,3273.941887,75.56019607333117,454.867270000006,24002.626295999995,19310.483907960002,5943.855508000001,6090.125943333333,1200.0,10800.0,55
42,52693.813430491224,52401.080129674854,292.73330081637107,83410.0699052,80354.677749,1026.0448800000001,4081.4370362,66.5497007333342,733.2855682716129,23552.145038395058,19130.939290266666,6090.125943333333,6030.457266481481,1200.0,10800.0,73
43,49344.80868449455,48669.816152925705,674.9925315688456,78444.536896,77244.4291659,989.5343628000003,2189.6420929,120.4656450999993,1616.8277581481498,22835.159131851855,18416.571095666666,6030.457266481481,6119.243712185185,1200.0,10800.0,64
44,20075.0198582264,20075.0198582264,0.0,35310.740008,36907.013365,1596.2733569999996,0.0,0.0,3259.2719260699578,18843.005752263376,14997.06613,6119.243712185185,6414.5420781111125,1483.2044259259264,10800.0,33
45,19142.1815833092,19142.1815833092,0.0,34589.426244,35427.689588999994,1041.632825,203.36948000000007,0.0,3159.5628197695487,17659.72018823045,14671.684518999999,6414.5420781111125,6006.418559740743,1281.2133591851878,10800.0,37
46,53291.07850020465,53140.59684061815,150.48165958650026,84309.803591,80211.94606500001,1511.4449849999999,5609.302511,33.076527000000056,254.7967658436263,23372.691724156375,18759.844997999997,6006.418559740743,6197.568891481483,1293.0982714814822,10800.0,69
47,51477.76647856183,50874.10446389801,603.6620146638253,83713.630702,75739.4511008,1282.9661650000007,9257.1457662,90.51912867332646,607.0600894238746,21682.145186576126,17643.098213193338,6197.568891481483,6108.057100296297,1200.0,10800.0,66
48,50574.57248336904,50371.6798500357,202.89263333333383,74759.15629099999,77133.812744,3515.459293000001,1140.8028399999998,45.000000000000114,638.2159771070017,21494.050168559665,17044.841184999997,6108.057100296297,6513.989824222228,1436.625160222226,10800.0,55
49,50081.219240567334,49616.92954869234,464.2896918750003,74665.651332,77654.62178069999,3029.2817887,40.31133999999997,104.96625000000006,879.0765655843722,23083.868586748966,19082.684504966666,6513.989824222228,6086.488768999999,1334.2005227777754,10800.0,68
50,48895.892296329206,48670.11367398121,225.7786223479999,78263.6793411,76533.982815,1136.3952579000004,2866.0917839999997,48.20209699999998,1120.417502921812,22656.83569041152,18188.202014666662,6086.488768999999,6268.527540740745,1416.382482962966,10800.0,67
51,18784.00618389125,18784.00618389125,0.0,33810.867136,35081.439872999996,1270.572737,0.0,0.0,6023.517823868317,17871.453959465016,14373.793943666666,6268.527540740745,6381.95394462963,1551.556383148149,10800.0,33
52,19044.835659501397,19044.835659501397,0.0,33760.00403,34956.986353,1345.6482150000002,148.66589199999999,0.0,3699.8951250864216,17476.917073580244,14064.588728999997,6381.95394462963,6483.858500851848,1496.1549802222241,10800.0,38
53,48737.40408274312,48693.138771372454,44.265311370666794,77121.06764000001,75857.273601,1615.833092,2879.627131,9.450322666666693,405.1150702427916,22171.378426090545,18241.623256,6483.858500851848,6169.628799888889,1317.087191407408,10800.0,70
54,47155.731826978095,46863.131806432095,292.60002054599994,73905.690018,73506.5187471,1144.5334690999998,1543.7047400000004,64.17359399999998,1080.0602396296372,21459.011560370363,17171.413075566663,6169.628799888889,6403.391342481485,1449.5425195925948,10800.0,47
55,46485.43787416422,46224.36516764756,261.07270651666676,76627.55790700001,71193.266108,791.0348630000002,6225.3266619999995,58.990266666666685,1690.6913989300392,21455.540347736627,17715.29860533333,6403.391342481485,6029.71253840741,1302.8496405555566,10800.0,66
56,47496.745831504704,47399.2861651916,97.45966631310004,70507.6015106,74767.4934881,4259.8919774999995,0.0,22.254828233333342,1094.792637983548,22991.397132016453,18111.289487,6029.71253840741,6598.314971666671,1489.3406936666693,10800.0,63
57,45684.6959979756,45584.3140970791,100.38190089650007,70518.07041700001,71735.158673,1833.5728760000004,616.48462,22.90174033333335,883.9943450617347,22538.388154938268,18620.906286666665,6598.314971666671,6192.968437037038,1218.6975204444452,10800.0,60
58,17632.26954702425,17632.26954702425,0.0,32700.332703,33578.373495,878.0407920000005,0.0,0.0,7068.726698205767,17248.669759794233,14031.616513,6192.968437037038,6126.086206407409,1228.7645724444474,10800.0,24
59,21733.009120129886,18107.65760599029,3625.3515141395933,35986.6809701,34751.556346,203.15576,1438.2803840999998,597.4846105000015,8887.244530576141,16262.283789423862,13459.253296833329,6126.086206407409,5807.41573151852,1200.0,10800.0,32
60,52749.635791889166,49944.391937569046,2805.24385432012,80787.6522105,77556.17739930001,999.6835558,4231.158367000001,470.8742050633295,1404.2611418107015,22557.292031855963,18292.808635970003,5807.41573151852,5783.6356313333345,1200.0,10800.0,56
61,53674.51626686215,51167.67474973691,2506.8415171252423,82857.28684300001,77077.978987,1438.1323399999999,7217.440196000001,429.5753777666631,1156.6309545102893,22545.510227489714,18211.733450566666,5783.6356313333345,5839.335446555557,1200.0,10800.0,59
62,49485.842980059206,47794.573464736204,1691.2695153229997,74006.73953719999,73583.391069,1966.2944918,2389.64296,280.69829397333706,828.6046929218132,20714.762389744854,16878.735653026662,5839.335446555557,5728.470871740741,1200.0,10800.0,46
63,50945.4420500893,48295.8525189441,2649.5895311452045,77951.40419599999,71195.909801,1736.1916,8491.685995,406.69541346666733,1488.9772707407424,20709.929399259257,16726.773472199995,5728.470871740741,5782.103473074074,1200.0,10800.0,68
64,45847.77288868468,45060.58974863689,787.1831400477927,72722.509648,70532.46678799999,1089.84694,3279.8898,141.5926552999989,764.5956886008287,21644.62134139917,17675.811720033333,5782.103473074074,5622.471880296296,1200.0,10800.0,48
65,19485.630751012824,17542.214478299502,1943.4162727133235,34031.739818,32807.747187,385.52987,1609.522501,329.3718170000008,9035.193123497946,16104.466043168719,12924.825695999998,5622.471880296296,5755.573879148148,1200.0,10800.0,31
66,17602.56855760295,17602.56855760295,0.0,30890.460423999997,32362.47495,1472.0145260000008,0.0,0.0,9374.963245493827,16419.74530617284,12495.373118333333,5755.573879148148,6649.596745444445,1584.3725407037048,10800.0,35
67,43931.75513638165,43931.75513638165,0.0,73238.92420400001,67963.14902000001,783.0532630000002,6058.828447,0.0,756.6642494238669,21296.955470576133,17423.995750000002,6649.596745444445,6456.861391185187,1421.1617481481499,10800.0,61
68,46169.28016231308,46169.28016231308,0.0,70450.07421329999,73215.59456833001,3007.7665950299997,242.24624,0.0,987.8430018279424,21945.75802650206,17760.07791,6456.861391185187,6474.623715037041,1359.2851422592614,10800.0,52
69,44710.74136183085,44710.74136183085,0.0,61965.401863,69413.15796000001,7447.756097000001,0.0,0.0,1352.2501503703743,21366.89082296296,17244.90181333333,6474.623715037041,6543.82344088889,1450.153464000001,10800.0,59
70,42929.34693681209,42929.34693681209,0.0,71552.7939967,66645.4620737,721.1357457000005,5628.4676687,0.0,419.2330156954789,20866.97146897119,17076.2770943,6543.82344088889,6350.4565470740745,1422.1944598888888,10800.0,62
71,45824.858192122505,45824.858192122505,0.0,71596.17423,73412.10027,2315.4257,499.49965999999984,0.0,1876.3776588888936,21467.93915111111,17477.83455666667,6350.4565470740745,6251.785609000001,1206.3747617037052,10800.0,55
72,16976.8778062206,16976.8778062206,0.0,29499.294604,31102.700676,1603.4060720000002,0.0,0.0,11560.284820855966,16440.776058477364,12927.786186666664,6251.785609000001,6684.277187555555,1477.6543555555563,10800.0,32
73,16294.511666936733,16246.22682860495,48.28483833178356,29449.418400000002,30553.032533799997,1103.6141338,0.0,9.783170566666712,7273.236184832922,16009.068479300411,13643.614109766666,6684.277187555555,5932.867585851853,1200.0,10800.0,31
74,44241.77842180339,44234.317241803394,7.461180000000455,69201.48207000001,70128.241498,2385.040348,1458.2809200000002,1.6400000000001,1947.3943914814902,21531.880031851848,16700.439858666665,5932.867585851853,6755.515327111116,1769.4546861851882,10800.0,58
75,40963.212781723,40963.212781723,0.0,64350.320678000004,62714.072682,3368.322782,5004.570777999999,0.0,1007.5325222222251,20785.251899777777,16936.84317333333,6755.515327111116,6643.527399874077,1532.4560018740758,10800.0,57
76,42936.940781747,42936.940781747,0.0,72639.39471600001,65853.81592,600.5475199999998,7386.126316,0.0,1155.2710707654405,20638.05308923456,17065.466606666665,6643.527399874077,6256.145617222228,1398.972620481485,10800.0,60
77,41785.9665888786,41785.9665888786,0.0,59929.58670700001,65608.70316,5679.116453,0.0,0.0,1773.7222240329288,21189.811745967072,16820.30126,6256.145617222228,6637.752566370378,1648.6412195926005,10800.0,51
78,43039.7076536746,43039.7076536746,0.0,68107.79385,66649.143392,1784.7597520000004,3243.41021,0.0,599.6760533333342,20999.02349,17158.517968,6637.752566370378,6471.853742925937,1478.715020037048,10660.587385962974,57
79,15882.251171346825,15882.251171346825,0.0,28578.5512523,29598.920884,1133.534959,113.1653273,0.0,14680.620863049398,16153.154930617267,13268.319426333332,6471.853742925937,6267.116040111112,1422.996200888902,10800.0,24
80,16125.230846563549,16125.230846563549,0.0,30414.244599999998,30698.901038,390.23322299999995,105.57678499999997,0.0,11245.216315613168,15971.28657238683,12398.801583333332,6267.116040111112,6864.827751555556,1804.5557975555553,10800.0,20
81,41340.94553652945,41075.07820571249,265.86733081695735,69039.3007706,63981.0907436,632.6080100000001,5690.818037000001,38.16574993333677,2089.8592587201715,19682.59297761316,16522.915859466662,6864.827751555556,6220.366032,1200.0,10800.0,52
82,40432.97154291571,40432.97154291571,0.0,65395.241775999995,63554.12106,1649.9259940000006,3491.0467099999996,0.0,1432.4065509053519,21380.952895761315,17257.73547,6220.366032,6287.962004851857,1570.4995340000044,10800.0,58
83,42738.221681372495,42738.221681372495,0.0,72396.68208900001,65390.55417,1025.25603,8031.383948999999,0.0,466.8836179835444,20933.542252016454,16959.996416666665,6287.962004851857,6283.70956870371,1346.6424552222277,10800.0,61
84,38717.45607357,38717.45607357,0.0,61868.7128,60205.45728,2040.33551,3703.59103,0.0,741.5818948559842,20542.002278477354,16670.68176,6283.70956870371,6248.531886,1284.2377629629627,10800.0,52
85,40305.123820758,40305.123820758,0.0,66183.8278,63569.9049,995.4410299999998,3609.3639299999995,0.0,607.8259725102906,21131.668454156377,16886.578926666665,6248.531886,6504.168020666671,1638.7558850000028,10800.0,59
86,15321.579433974852,15321.579433974852,0.0,29089.220478,29608.198754999998,518.9782769999999,0.0,0.0,15929.951556872433,15511.366143127569,12654.999711666664,6504.168020666671,6403.286758740739,1642.841274074072,10800.0,12
87,15501.67171657625,15501.67171657625,0.0,27796.69962,29231.92912,1435.2294999999997,0.0,0.0,18593.342687493827,15964.74343617284,13033.366187,6403.286758740739,6290.037865740745,1272.4159137777815,10800.0,31
88,39150.8684016831,39150.8684016831,0.0,65426.20755199999,59622.07269,1212.0617700000005,7016.196632,0.0,224.10834333333435,20457.76147,16405.416823333333,6290.037865740745,6473.78227392593,1492.097020592596,10678.587830555558,57
89,39276.0343329821,39276.0343329821,0.0,56231.72990200001,61055.207519999996,5673.308848000001,849.83123,0.0,356.0642308230539,20166.531495843614,16418.777689999995,6473.78227392593,6380.574297962968,1324.5437181111151,10800.0,49
90,41286.7716231353,41286.7716231353,0.0,69864.04099200001,64836.093497,1009.4832900000006,6037.4307850000005,0.0,1028.64751744857,19176.982072551433,15578.387609666665,6380.574297962968,6330.538596962961,1328.6650169629604,10800.0,57
91,41032.415636723475,40809.338862257355,223.07677446612084,65988.26619329999,65527.207729,1694.9957357,2156.0542,31.977748633331544,1484.989140209881,20109.614923456786,16470.753986033335,6330.538596962961,6128.354265814814,1200.0,10800.0,58
92,39566.372466349465,39242.64504049346,323.7274258560073,67566.5062906,61167.820219999994,243.11669000000012,6641.8027606,46.405881000001045,1426.3168753497919,20693.274994650208,16768.896035666665,6128.354265814814,6120.195054703704,1200.0,10800.0,58
93,14057.539568648466,14006.402580531802,51.136988116664554,27754.71258,28055.109239999998,300.39666000000017,0.0,10.959491666666214,18568.40029758436,16217.250136748971,13150.383952666665,6120.195054703704,6104.182452592595,1226.4164358888888,10800.0,26
94,15001.157598057835,15001.157598057835,0.0,27634.6178253,28653.507449,1018.8896236999997,0.0,0.0,13529.625176123463,16115.900976543204,13036.133687,6104.182452592595,6123.900345925927,1272.9586325925918,10800.0,32
95,38626.098900611025,37036.9400901473,1589.158810463724,64251.71876300001,58834.030770000005,752.1040899999999,6169.792082999999,262.73371436666525,831.2918922386843,20643.760612427985,16788.364286966666,6123.900345925927,6049.546800481481,1200.0,10800.0,57
96,35555.40426566071,35219.75384312205,335.65042253865954,55843.053123000005,57548.24991,2058.8698579999996,353.673071,48.11502616666564,595.6133275308694,20541.363765802467,16783.3314405,6049.546800481481,5888.6281447037045,1200.0,10800.0,45
97,39379.39754073846,38089.09506659721,1290.3024741412437,65518.080584999996,59100.7351736,531.3000199999999,6948.645431399999,202.71208336666334,975.8457639917731,21036.219456008228,17061.8115797,5888.6281447037045,5863.657233222223,1200.0,10800.0,55
98,39073.01021841782,38666.2467600065,406.76345841131666,63778.31692,64296.32675,936.9572299999998,418.9473999999999,64.75115383333093,1156.3018108642023,21139.16670246913,17068.70162616667,5863.657233222223,5923.683236370371,1200.0,10800.0,42
99,38000.69270675822,37643.2539905759,357.43871618232686,61885.862163,59853.962379000004,1298.2005400000003,3330.100324,65.93426059999888,1266.3423510699554,20961.724152263378,16768.807763733334,5923.683236370371,6157.226347037038,1200.0,10800.0,48
100,14523.592313347164,14357.76627806853,165.82603527863475,26297.4850154,27552.352041899998,1254.8670265,0.0,27.1267847666669,19288.954336625517,16365.91829004115,13392.043966666666,6157.226347037038,6006.503956222223,1200.0,10800.0,31
101,14105.73660609142,14105.73660609142,0.0,28096.2168619,27831.434116900004,218.16166,482.9444050000007,0.0,15668.31290090535,15777.404585761315,12639.443919766667,6006.503956222223,6162.34150588889,1281.2258775925943,10800.0,26
102,36258.139777576,36258.139777576,0.0,58373.600928,58691.24227,1259.3562479999998,941.714906,0.0,435.44703633745485,20575.388950995883,16595.952200666663,6162.34150588889,6240.244672155555,1256.7377942666662,10800.0,42
103,38512.995447132234,37489.353386246046,1023.6420608861858,61638.64967,56397.821018999995,1687.0826000000002,6927.9112509999995,148.69758599333704,288.57939000000135,19659.735520000002,15929.828105006662,6240.244672155555,6234.197634592593,1200.0,10690.47433422963,54
104,35165.48207596964,34599.90773520665,565.5743407629834,53670.718645999994,55354.327177,2249.9049109999996,566.29638,84.83322809000143,1546.2828346913655,19884.305436308634,16130.856699243332,6234.197634592593,6206.898417000002,1200.0,10800.0,47
105,36768.6011758279,36768.6011758279,0.0,60366.8105047,60318.872957,1648.2189923,1696.15654,0.0,869.1498200041278,20125.99809032921,16455.866903333328,6206.898417000002,6036.000139037038,1242.2297674074077,10800.0,53
106,36462.75259108037,35604.6146476521,858.1379434282674,54157.499394,57363.100597,3461.7591829999997,256.15798000000007,123.01289326666677,678.7732433251083,20178.789212674892,16239.791315733331,6036.000139037038,6152.697857407407,1200.0,10800.0,39
107,13407.459594425172,13277.455061305369,130.0045331198028,26866.238704400002,27131.593677,267.7608166,2.4058439999999983,33.48906056666739,17729.435995032924,16086.460772633744,13004.93121343333,6152.697857407407,6180.588982296297,1205.4796999999999,10800.0,10
108,13567.992857678022,13432.8958166407,135.09704103732247,26001.760071999997,26851.804983,850.0449110000002,0.0,27.372513633334506,17130.500336382713,16142.614820617284,13178.616910366665,6180.588982296297,6066.0346426666665,1200.0,10800.0,28
109,34906.1822654664,34906.1822654664,0.0,55461.690087,57129.774331,2003.5339279999994,335.44968400000005,0.0,927.7979918230484,21281.631462510286,17037.400006666667,6066.0346426666665,6289.058507074078,1334.9666396296325,10800.0,50
110,34173.154149063295,34173.154149063295,0.0,59399.597385,54631.029495,395.27768000000026,5163.8455699999995,0.0,2715.6195799382795,18874.47220172839,15475.972669999997,6289.058507074078,6080.558299740743,1214.041254666668,10800.0,47
111,34728.029454749696,34728.029454749696,0.0,53156.1795222,56323.629982,3167.4504597999994,0.0,0.0,333.5733522633874,19881.202741069945,16044.075427999998,6080.558299740743,6146.890291148149,1394.3640814814812,10800.0,47
112,34723.715778812046,34723.715778812046,0.0,51506.53593499999,56057.711224,4551.175289000001,0.0,0.0,746.5072272428058,19496.25742609053,15584.970145999996,6146.890291148149,6376.888479074075,1299.8744441111114,10800.0,52
113,33117.95392975674,32754.61171970175,363.34221005499114,52443.5066735,53652.98459,1216.5076265,7.02971000000025,62.432900933331986,3339.178318353911,19040.59346164609,15754.460989066665,6376.888479074075,6008.465940037037,1200.0,10800.0,42
114,13386.34389940856,12589.4320428719,796.9118565366612,26088.704214999998,25825.004165,147.71056,411.41060999999974,161.46527333333222,21012.96026855967,16139.481484773663,13166.329965,6008.465940037037,5904.743759666668,1200.0,10800.0,22
115,13814.968595337725,12971.58941463595,843.3791807017744,26211.617445000003,26419.514440000003,334.31525500000004,126.41826000000009,174.7772938999982,23427.38673516462,15976.100969835385,12879.389604433332,5904.743759666668,5972.801738703703,1200.0,10800.0,26
116,35859.25055675062,34237.32178838405,1621.928768366577,51527.965591,54177.511196,2712.205675,62.66007000000036,235.92656853333241,2105.2990104115206,19343.09496625515,15608.427395466666,5972.801738703703,6038.890102259261,1200.0,10800.0,45
117,38309.708945488965,37749.4729040455,560.2360414434631,63548.85417,62340.191640000005,1933.1685599999998,3141.83109,97.8209892999995,1893.9423638683174,20139.307362798354,16217.204414033335,6038.890102259261,6145.150713185185,1200.0,10800.0,55
118,34750.67158449305,33137.688165109605,1612.9834193834502,52694.965459,53563.81348700001,1517.1359380000001,648.2879100000001,231.2189534666643,2597.5066836625633,18456.142346337438,14691.830306200001,6145.150713185185,6431.422929111111,1200.0,10800.0,45
119,32748.57428310346,31150.779503398004,1597.7947797054555,50027.864574,51166.76293,1212.7120259999997,73.81367,258.8033015066593,92.1920833333337,18096.263462666666,15019.743747826673,6431.422929111111,6029.4558812592595,1200.0,10452.623927955561,24
120,44204.45433085394,34882.0756664497,9322.378664404245,52643.748398,55027.4847471,2383.7363491,0.0,1446.7824835333302,2569.897685839513,18418.771617160488,15525.780872366666,6029.4558812592595,5355.482700740741,1200.0,10800.0,46
121,21362.5060401813,15039.226049115401,6323.279991065898,28368.259437,29056.272098,688.0126609999998,0.0,1039.2981955999996,12573.105623362138,15571.614842304525,12339.470255399998,5355.482700740741,5659.413552814815,1200.0,10800.0,27
122,22572.741136812365,14190.5353332622,8382.205803550163,27327.986611,28132.555211,804.5686000000001,0.0,1401.275928226666,17517.148307860083,15466.438312806582,12316.927131439998,5659.413552814815,5893.733443851853,1200.0,10800.0,27
123,42957.952450534554,35207.51824451625,7750.434206018307,56694.265534,54966.91261099999,1612.7382499999999,3340.091173,1240.8005556666626,1135.9865800000066,18173.332243333327,14836.272990000003,5893.733443851853,5764.984696185187,1200.0,10800.0,49
124,44021.016595099514,37025.42279941974,6995.593795679771,58565.308083,58373.728218000004,1563.0253389999998,1754.605204,1069.0367692999978,667.5011835144119,19760.595177818923,16061.338174033332,5764.984696185187,5703.5890517407415,1200.0,10800.0,40
125,43841.98885573446,37173.00491056985,6668.983945164609,51124.15021,56805.915026999995,5681.764816999999,0.0,1076.0570228000013,1612.1476162592617,18681.87843074074,15282.136363866663,5703.5890517407415,5537.128124000003,1200.0,10800.0,54
126,44449.81457164551,37607.700100757305,6842.114470888203,54703.468370999995,59233.22234,4529.753969000001,0.0,1048.0639487999956,1227.3803534979447,19719.74450983539,15733.684524533333,5537.128124000003,5803.026488925926,1200.0,10800.0,48
127,38861.06820519164,38617.839272566634,243.2289326250005,63216.4428488,61583.5454975,1315.8365787,2948.73393,35.999250000000075,1277.5145740329276,20113.67957596707,15598.161802499999,5803.026488925926,6574.0472156296255,1425.0322057777726,10800.0,58
128,15654.9920744148,15654.9920744148,0.0,28904.944361,29467.824989,582.833758,19.953130000000005,0.0,17882.54502647325,16095.494581193416,13009.600468666664,6574.0472156296255,6604.880706851854,1296.2949895185197,10800.0,29
129,15554.9525926142,15554.9525926142,0.0,28529.710904,29187.310367,657.5994629999993,0.0,0.0,14231.147795679013,15923.213937654316,13088.096649666664,6604.880706851854,6393.443640000002,1386.618462592595,10800.0,29
130,38919.63064277646,37422.895154964004,1496.7354878124527,60614.86763,59938.192149999995,1255.1774499999997,1931.85293,215.976365799998,1131.372751893016,18797.71463144032,15258.997950866667,6393.443640000002,6356.9446406666675,1200.0,10800.0,50
131,37105.393482239306,37105.393482239306,0.0,52860.363282000006,57378.262706,5027.457074,509.55765,0.0,1776.8738118271679,17582.141926172833,13911.948265333333,6356.9446406666675,6723.1520794074095,1430.2055113333356,10800.0,51
132,37731.93742873003,37731.93742873003,0.0,62883.0413848,59340.85200869999,1407.6572339,4949.84661,0.0,2874.1993803868468,18315.448497613153,14978.008635966666,6723.1520794074095,6564.823909518516,1307.11265996296,10800.0,55
133,37310.56332419651,37310.56332419651,0.0,60645.700772159995,59068.48749316,1965.01147,3542.224749,0.0,2557.225959329217,18824.56261300412,15327.449862506664,6564.823909518516,6476.430413992592,1472.9665380666665,10800.0,47
134,37195.80427891257,37195.80427891257,0.0,58363.4311463,58366.285766,1933.0708337,1930.2162139999996,0.0,1459.466012954732,19530.888780378602,15389.127310666667,6476.430413992592,6955.199971148149,1840.6951765185192,10800.0,47
135,14195.47156760182,14195.47156760182,0.0,27517.030378999996,27137.3003321,0.0,379.73004689999993,0.0,22274.978880695475,15755.137275637859,13608.322357566663,6955.199971148149,6014.465344148149,1481.6988926296285,10800.0,10
136,16042.362622567778,15755.010687175785,287.3519353919925,28730.743570999995,29309.9882177,696.9637399999999,117.7190933,41.19150449999893,15390.182703325518,16295.927236707816,12783.729301166666,6014.465344148149,6476.656189222223,1200.0,10800.0,30
137,37754.65756848127,37754.65756848127,0.0,63652.03558330001,59987.575065000005,588.6238337000001,4253.084352,0.0,2346.0702330452705,18604.1372436214,14638.800511666665,6476.656189222223,6955.045806629631,1876.483470740741,10800.0,56
138,34959.99950042484,34508.09551875817,451.90398166666745,56016.188942199995,55297.2109801,1000.5293788999995,1719.507341,67.00333333333344,5217.483715427983,17451.89549090535,14820.381442899998,6955.045806629631,6194.661256333335,1287.6900892592598,10800.0,48
139,37204.100374799425,36548.86746157851,655.2329132209093,56377.451593000005,59104.42708486,2775.1832218599993,48.20772999999997,95.17708024000035,1231.2246038806597,18658.32019711934,15217.335452566665,6194.661256333335,6078.998930888891,1200.0,10800.0,40
140,37112.547051970185,37112.547051970185,0.0,52358.866066,57250.852419099996,5026.400673100001,134.41432,0.0,2446.675333316879,17158.801485349788,13717.239682899999,6078.998930888891,6280.542842259258,1328.1223402592568,10800.0,56
141,34873.14631584283,34288.9329658871,584.2133499557345,54757.57492299999,55494.660439,737.0855159999999,0.0,83.83146573333352,772.4923619753118,19002.745211358022,15013.376485266665,6280.542842259258,6701.484104407406,1200.0,10800.0,29
142,16030.570160997406,16030.570160997406,0.0,27406.036453,29052.555075099997,1646.5186220999997,0.0,0.0,19234.07464098477,16432.045554115226,13034.514003333334,6701.484104407406,7007.5317660740775,1424.8066703703732,10800.0,31
143,14653.15967111625,14653.15967111625,0.0,27860.271005000002,27962.835463000003,253.2681040000001,150.703646,0.0,21389.738976777786,16006.960758888883,13188.365655999998,7007.5317660740775,6760.056831296297,1734.9087242962983,10800.0,30
144,35279.4005758933,35171.723245833506,107.67733005979323,56680.49619133,56129.5332202,1286.2214388699997,1837.1844099999998,23.07701029999855,4629.12708325103,17232.65128341564,14254.178319499999,6760.056831296297,6431.467075814816,1200.0,10800.0,47
145,37615.2603458412,37615.2603458412,0.0,54123.072304,59863.045489,5739.973185000001,0.0,0.0,1511.5949534074111,19270.89666925926,15499.279083666665,6431.467075814816,6553.852874074075,1469.1998542222213,10800.0,55
146,35584.717302735684,35584.717302735684,0.0,51334.653852200005,55747.656214,4413.0023618000005,0.0,0.0,2823.6213996831284,17727.758761316873,14194.091246999998,6553.852874074075,6737.623262592595,1445.84361688889,10800.0,56
147,36639.69616701799,36639.69616701799,0.0,59066.946474000004,58196.021549900004,1448.6272948999997,2319.552219,0.0,2217.3447606666728,18305.546219999997,14600.693530766664,6737.623262592595,6989.6220486296315,1568.5804806296303,10800.0,52
148,39343.92517991435,39343.92517991435,0.0,57210.653658999996,61099.360289,5569.175590000001,1680.46896,0.0,3939.96252555556,18599.620607777775,15550.346344333331,6989.6220486296315,6451.117990814818,1379.6640531851872,10800.0,49
149,15386.56502149695,15386.56502149695,0.0,27934.693575999998,28670.633471000005,735.9398950000004,0.0,0.0,18678.831691069965,16060.237588930033,12664.669075666667,6451.117990814818,6833.4772923333385,1704.9834277777825,10800.0,31
150,15181.42695279825,15181.42695279825,0.0,29339.556944199998,28642.490546,246.74681000000027,943.8132082,0.0,17440.36700028807,15890.354729711928,13077.412733999998,6833.4772923333385,6604.337955740738,1405.4995777777754,10800.0,31
151,57907.209928764976,52209.1296293635,5698.080299401474,73322.95455600001,74115.60386250001,6858.736245499999,6066.086938999999,876.6396151999961,1214.696908683129,19186.37032798354,16633.65005896667,6604.337955740738,5390.237852074074,1200.0,10800.0,75
152,54421.85351880062,50268.42926374833,4153.424255052291,75278.010932,72394.5163056,4139.1288956,7022.623522,657.4712688000009,218.74941333333345,21401.516346666667,17209.085635599993,5390.237852074074,5530.396302296297,1200.0,10705.395027185183,76
153,55704.608540156456,51233.88240306302,4470.726137093433,69208.28075437,73744.697033,7431.763198629999,2895.34692,725.4624639333333,2462.7348480658393,19505.448061934163,15690.390246399997,5530.396302296297,5651.532617592591,1200.0,10800.0,71
154,54269.2704054979,49185.27834010108,5083.9920653968165,79247.4666537,73181.097402,2548.5965983000006,8614.96585,808.6452899999974,474.8034489958889,20742.43726300411,16872.758836666668,5651.532617592591,5572.216335777777,1200.0,10800.0,76
155,56671.79634302175,51487.716479713374,5184.079863308375,68741.595611,74633.610444309,8488.837423309,2596.8225899999998,792.3437581243297,666.6259231481511,20683.98506185185,17073.974799233332,5572.216335777777,5216.719781185187,1200.0,10800.0,72
156,31141.935031704852,23463.49370478455,7678.441326920303,31507.411222,35838.761405000005,4638.447872000001,307.097689,1335.128869799997,3004.3357706584356,15695.115882674898,12380.556778533333,5216.719781185187,5586.149877222223,1200.0,10800.0,46
157,26791.248551446064,22373.21274472475,4418.035806721315,34122.028386,37107.465331,3601.02805,615.591105,650.7368225666687,3688.138044567903,14661.359922098763,11717.808979766665,5586.149877222223,5761.5860518148165,1200.0,10800.0,37
158,47218.773551268896,47218.773551268896,0.0,74644.151732,71292.919041,2848.465959,6199.69865,0.0,1456.7282203292295,19984.318283004108,15333.050728999999,5761.5860518148165,6710.749474296299,1594.2377207407426,10800.0,62
159,50742.27720319508,50077.44081899475,664.836384200333,82205.723637,77214.596049,277.7910819999997,5268.918669999999,98.3692166666666,2291.4857461728507,21921.73830382715,17832.971517666665,6710.749474296299,6625.901150333337,1380.9097807407436,10800.0,63
160,50178.28031518536,49805.16644283757,373.1138723477852,76203.51330230001,78313.2359807,2552.1673784,442.4446999999999,55.33427896666694,2786.1942394897223,21927.211285843612,17963.279498999997,6625.901150333337,6401.191864259259,1390.8414917777775,10800.0,72
161,53053.78916843506,52832.4492856764,221.33988275866727,82449.53315,83011.557207,808.2953170000003,246.27126000000032,32.849073666666754,2186.73480414404,23645.85612152263,18872.630961666662,6401.191864259259,6712.8724162222225,1415.8302043333338,10800.0,43
162,50469.85331128894,50469.85331128894,0.0,80082.92623099999,78908.32509,693.1368749999997,1867.738016,0.0,2043.177371921816,21929.489483744852,17516.733199,6712.8724162222225,6986.376063814815,1780.340674148149,10800.0,47
163,21064.24602478792,21064.24602478792,0.0,36062.480444,36327.0875623,324.31956800000034,59.71244969999996,0.0,5215.587414686833,15853.534164279838,13087.347716666665,6986.376063814815,6713.059348703707,1443.6419794074088,10800.0,38
164,21046.2150105593,21046.2150105593,0.0,35965.818699,35604.936197,350.4032920000002,711.2857939999999,0.0,6649.156060164617,15695.654583168718,12933.217196333331,6713.059348703707,6468.907144296295,1489.1091733333321,10800.0,37
165,49814.50002254712,49614.23944072479,200.2605818223334,74163.059513,78201.089964,4208.192831,170.16237999999998,29.57091600000001,2971.677779131689,22525.251327201648,17893.242559666665,6468.907144296295,6860.252716925927,1659.9987385185198,10800.0,57
166,50259.11604870135,50214.40454510035,44.711503601000274,77352.887957,78823.816777,1943.5246999999995,472.59588,6.617554000000041,1716.6058176131698,22610.961715720165,18191.186018999997,6860.252716925927,6997.689351074077,1763.1574346666687,10800.0,65
167,51335.144445471495,50877.51721288216,457.62723258933386,78302.15395600001,80220.12142509999,1976.9247191,58.957250000000016,67.45921933333341,1827.7308164609103,22366.19348020576,18543.354868899998,6997.689351074077,6523.535851148149,1401.3342065925924,10800.0,61
168,50489.71193953577,50109.375657908604,380.3362816271673,80002.110107,78200.074111,1619.7508679999996,3421.786864,56.40693666666675,3414.6986486995975,20299.149069300405,16385.75757033333,6523.535851148149,6586.37271314815,1492.7064590000014,10800.0,70
169,50697.27922766051,50001.106483570846,696.1727440896668,74917.4499531,75973.37468699999,4412.927016999999,3357.0022830999997,103.39358533333336,3762.4230911234617,21860.11597654321,17805.27499533333,6586.37271314815,6476.838208333331,1440.6911786666635,10800.0,75
170,20201.13651986405,20201.13651986405,0.0,35234.327766,34869.708142999996,0.0,364.61962300000005,0.0,9363.182597370367,15586.669572962968,12480.724877333332,6476.838208333331,6637.368738074076,1856.9343765555568,10800.0,16
171,20376.4989900376,20376.4989900376,0.0,35303.345016,35603.403346,342.0561299999998,41.997799999999984,0.0,12541.36967830453,16412.83833769547,12685.54507,6637.368738074076,7313.873164222223,1887.1397063703712,10800.0,34
172,47304.69759656874,46839.58254104605,465.1150555226854,71266.5800204,72468.5158929,3264.283702499999,2062.34783,68.81203156666697,2014.5647744131657,20259.68458572017,17194.26253566666,7313.873164222223,6442.8531406296315,1327.0387696296314,10800.0,66
173,46709.06907706441,46555.5523721064,153.51670495800158,73812.513232,72413.209254,643.665892,2042.9698700000004,22.579879000000233,1609.4788207407491,20939.820892592586,17174.79658033333,6442.8531406296315,6205.584632481484,1417.3752257037042,10800.0,32
174,53400.451064378365,53348.82327953036,51.62778484799974,85143.9407,83157.49095569999,655.8286710000002,2642.2784153,7.6355519999999615,1698.1135771234644,24021.618496543204,18823.397815966666,6205.584632481484,6910.1548171851855,1706.2740551851853,10800.0,76
175,49331.38481744813,49138.09665437613,193.28816307200077,74543.0555879,76115.506485,3479.4315871,1906.9806899999999,28.70758400000011,2262.5558306996,20366.411859300402,16922.174987666665,6910.1548171851855,6437.508837592595,1434.1747840740754,10800.0,64
176,47578.29124524154,47159.157823100206,419.1334221413348,72235.431832,74101.58346899999,2451.985887,585.8342499999999,62.142116000000215,2814.1262372428105,20240.501709423857,16438.286195,6437.508837592595,6389.197937185188,1446.9595685185209,10800.0,48
177,19704.0685086285,19704.0685086285,0.0,35478.823439,34214.900452,205.39838300000002,1469.3213700000001,0.0,11511.364797201652,15294.547782798347,12362.657994666666,6389.197937185188,6418.004280962968,1232.9066664444485,10800.0,35
178,19109.547675328453,19109.547675328453,0.0,34334.1093655,34311.727463999996,18.5973585,40.97925999999998,0.0,9588.688804720176,15997.781287613157,13051.668744999999,6418.004280962968,6314.153278703705,1425.1447851851872,10800.0,3
179,48709.30186763307,48705.9628876484,3.3389799846672576,70318.481092,75561.365991,5293.920999,51.03610000000003,0.4959126666667544,1990.9337425925958,20972.49410407407,16669.334476333333,6314.153278703705,6667.915220888891,1394.7488684814832,10800.0,66
180,48069.81170866359,47426.09607422759,643.7156344359998,76018.0171814,75492.668121,475.71882760000005,1001.0678879999999,95.54261299999996,2011.6526148971243,20840.79601843621,17141.921882666666,6667.915220888891,6378.051767851853,1550.97860814815,10800.0,62
181,62363.86367477376,61504.66000999643,859.2036647773341,66950.4277108,82627.239515,16689.0290942,1012.21729,127.48855733333346,271.06248333333417,19828.091685666666,16210.970129999998,6378.051767851853,6211.145251618524,1311.1056345074112,10776.217338100001,77
182,56613.759236425496,55988.936409880494,624.8228265449991,62603.620484,77375.57646499999,14827.981091000001,56.025109999999984,92.38549999999987,634.2753696790143,20535.144771987656,16606.22454333333,6211.145251618524,6241.414942703707,1263.6174378518535,10800.0,71
183,63904.40950073663,63280.6701878583,623.7393128783332,71667.106371,84939.89779,15680.102619000001,2407.3112,91.1904833333333,1403.1542183127615,20834.31837168724,16966.803249999997,6241.414942703707,6140.297866111107,1212.3123105185139,10800.0,79
184,35137.02930978604,27259.110528328663,7877.91878145738,32149.49082967,39307.67955100001,7158.18872133,0.0,2915.3463115333366,10380.530951123455,16060.374576543212,13098.747131799995,6140.297866111107,6040.471505222222,1200.0,10800.0,46
185,35042.62669953878,28126.87715928479,6915.749540253988,33410.4596597,40594.2804433,7183.8207836,0.0,2432.762492666662,11219.63535558436,16082.018570082306,13064.69095636667,6040.471505222222,5997.964933444446,1200.0,10800.0,48
186,64243.50580083932,62348.39914313381,1895.1066577055064,66068.62784429999,84775.287663,18706.6598187,0.0,288.0532570766682,1126.6361158559691,22190.612620810698,18047.889366589996,5997.964933444446,5916.305884851853,1200.0,10800.0,79
187,56211.92531546431,55070.94691782097,1140.9783976433414,67090.9618833,79208.0178,12511.3164767,394.26056,168.52844000000118,1683.6945685596745,21171.38221810699,16888.01331333333,5916.305884851853,6206.090644111112,1200.0,10800.0,68
188,54614.221781159664,53850.777931843,763.4438493166673,87155.174935,81991.919575,550.7298300000002,5713.98519,111.80854666666676,2328.5905216872443,22005.011154979424,17801.260571666666,6206.090644111112,6231.4222706296305,1249.3499032222232,10800.0,63
189,52823.28450519984,52482.834174996504,340.45033020333324,87131.61570999998,80427.92984,101.03749000000005,6804.72336,50.48545999999999,2355.6146790946473,21449.652390905358,17385.576786666665,6231.4222706296305,6218.801881703707,1271.7379287407446,10800.0,55
190,50867.979382623496,50509.544759058495,358.43462356500027,80325.87261,78664.37477,95.46245999999996,1756.9603,53.2018966666667,1745.9729770370452,21506.63209962962,17388.65179333333,6218.801881703707,6254.04655655555,1247.8482714814756,10800.0,50
191,26524.4690285773,26524.4690285773,0.0,46118.089749,44057.840729999996,0.0,2060.249019,0.0,8491.673041275713,15501.463216390952,12454.072677666667,6254.04655655555,6367.504920566672,1452.019623344449,10800.0,39
192,26772.380790395197,26772.380790395197,0.0,44243.081596,44441.144541,864.776435,666.7134899999996,0.0,10626.002933934162,15453.767500399172,12722.869226666666,6367.504920566672,6139.374307962965,1223.8378543333338,10800.0,36
193,53023.617051721776,52480.936639129846,542.6804125919332,86132.26918,75430.43608099999,519.07708,11220.910179,79.5646819333333,2529.2588226460953,20179.14516835391,16466.123628066667,6139.374307962965,6004.912039407408,1200.0,10800.0,55
194,52169.468972912255,51195.994808008,973.4741649042571,82254.87147499999,78110.82053,1117.401575,5261.45252,151.73489009999852,2462.9914790946523,19786.36160757202,15794.476883233332,6004.912039407408,6263.218727074075,1200.0,10800.0,47
195,52258.5727089335,52258.5727089335,0.0,85055.49937,78341.67369999998,701.5387499999999,7415.36442,0.0,1775.7964131687231,19738.706413497945,15921.87971,6263.218727074075,6337.077043666661,1272.8849191111049,10800.0,53
196,51034.88866911616,50512.9361665645,521.9525025516667,80832.47485,77623.61959999999,121.81906999999995,3330.67432,77.33114333333333,1524.652975596697,20158.125881069973,16116.391496666663,6337.077043666661,6572.28867366667,1408.9354757407414,10800.0,41
197,51299.44139225083,51237.3393152825,62.1020769683342,78743.00843,78118.24655000001,1889.0457500000002,2513.80763,9.191456666666795,1863.4630321399209,20582.582694526747,17039.023786666665,6572.28867366667,6164.3644468888915,1439.724479000001,10800.0,45
198,26644.78968649075,26644.78968649075,0.0,46070.409609999995,43448.805789,206.30635,2827.9101709999995,0.0,8905.54593316873,15336.519402164604,12067.507646333332,6164.3644468888915,6558.890079577776,1396.5607057259247,10800.0,39
199,26464.878678079593,26464.878678079593,0.0,45958.821601999996,43042.4598497,0.0,2916.3617523,0.0,13290.06003290576,15561.878511127576,12992.297744333333,6558.890079577776,6128.694357,1259.8485374074085,10800.0,43
200,51500.69332993224,51500.69332993224,0.0,84790.541805,79003.991598,321.43255999999997,6107.9827669999995,0.0,2520.3883449958957,20614.33597633744,16220.71094,6128.694357,6658.584580148149,1723.4075101111107,10800.0,52
201,52935.3925448823,52710.568021887295,224.82452299500125,85683.77930299999,81133.195372,0.0,4550.583930999999,32.25362000000018,3510.630130724281,20383.234744609057,16718.165233333333,6658.584580148149,6427.756702148149,1564.4386092962975,10800.0,62
202,52409.16124652915,52018.05386203415,391.10738449500013,80336.975034,80858.9986719,2088.645638,1566.6220000999995,57.97936666666669,3271.1498405995903,20596.46844596708,16745.784864666664,6427.756702148149,6358.150676111115,1442.5074274444482,10800.0,36
203,55094.852000699095,54425.472656184094,669.3793445150015,91507.8986546,80459.1294406,0.0,11048.769214,98.79836000000023,2391.1963375720234,21880.09617576131,17929.911829399996,6358.150676111115,6128.112979407411,1205.6712418888917,10800.0,75
204,54299.64741546554,54218.58832124621,81.0590942193335,90142.81952799999,80729.282295,0.0,9413.537233000001,12.039075333333358,2397.8276086419837,20829.609974691353,16102.588212999999,6128.112979407411,6982.99727551852,1630.6311263703717,10800.0,67
205,24754.314784027134,24241.105994880476,513.2087891466584,42083.0647508,40913.9171561,0.0,1169.1475947,77.10516263333211,12232.549222482718,15985.43783061728,13732.284301033333,6982.99727551852,6111.79765525926,1200.0,10800.0,38
206,25101.164687886012,25101.164687886012,0.0,43525.97955434,42937.186887,0.0,588.7926673399995,0.0,11204.954172181071,15889.417321152261,12626.276172999998,6111.79765525926,6383.077496518521,1303.704255666667,10800.0,30
207,52514.27589902176,52374.531429185095,139.74446983666704,81422.679982,79528.97377,2334.656718,4228.362929999999,20.75515666666672,1808.472908107005,21490.222808559665,17434.15659,6383.077496518521,6352.992924222224,1223.9568646296311,10800.0,61
208,53430.32586972865,53430.32586972865,0.0,84123.050205,83387.5946,821.9118000000001,1557.3674050000004,0.0,1428.501480987658,21599.17770567901,17594.961819999997,6352.992924222224,6242.295281555559,1422.1590019259286,10800.0,55
209,54002.21007391834,52995.92228861,1006.2877853083339,82022.28693999999,82942.48548,2131.12149,1210.9229500000001,148.54553666666675,3018.612294238691,20807.499732427976,16804.32696,6242.295281555559,6297.570640740743,1260.3521133703716,10800.0,48
210,54104.67992458939,54104.67992458939,0.0,74327.805626,81109.52886694,7840.57528094,1058.85204,0.0,2825.742649656053,20440.021470617285,16259.489303333332,6297.570640740743,6627.490738370372,1472.6962396666672,10800.0,58
211,54412.64902446128,51497.853555816,2914.795468645283,77521.57452,79850.54482,2772.2158400000003,443.2455400000006,428.334640266669,2055.8186081481485,21401.775531851858,17873.710946399995,6627.490738370372,6029.409887703703,1200.0,10800.0,43
212,24622.624480485196,24622.624480485196,0.0,41665.361124,41117.800854,377.93183900000014,925.4921089999999,0.0,16156.889367325102,16587.198796008233,12877.646975999998,6029.409887703703,6649.392164111114,1318.4774960000022,10800.0,35
213,25288.688801343647,24089.4250068086,1199.2637945350486,41741.232812,40559.450785,0.0,1181.7820269999997,182.95258756666408,17045.666499485596,16008.427642181068,13238.715702433334,6649.392164111114,6347.29292825926,1200.0,10800.0,39
214,46014.61770938358,43437.4184315096,2577.199277873981,65584.839422,66438.19418600001,853.354764,0.0,397.22163526666606,762.766926868316,18925.15860946502,15691.9896984,6347.29292825926,5944.391567444445,1200.0,10800.0,55
215,48317.605134013684,47860.86460835635,456.74052565733484,70752.55495,71046.439106,2772.907437,2479.0232809999998,67.82137300000022,1407.659913004121,20140.54804699588,15849.60256433333,5944.391567444445,6460.215293814816,1311.7453683703716,10800.0,55
216,45344.3287342275,45096.6578022225,247.67093200500057,68215.90861,69774.09159999999,2208.70365,650.5206599999997,36.72470333333342,1295.2305152674867,19794.152161399183,16430.876106666667,6460.215293814816,6018.423231666668,1349.0604656666662,10800.0,38
217,48202.73252987312,47870.61115364,332.12137623312407,76275.824164,73200.631724,0.0,3075.1924399999994,70.66046759999796,1618.4195601893016,20033.8396918107,16495.366327066666,6018.423231666668,5720.694146444446,1200.0,10800.0,40
218,48154.0669346819,47996.2996330069,157.76730167500088,77925.303029,70620.44815099999,1438.2941959999996,8743.149074,23.37652500000013,2984.513111390953,20051.336831275712,15780.010516666665,5720.694146444446,6233.552276074073,1351.4654629629633,10800.0,66
219,23324.09133520736,23156.288830521302,167.80250468605632,40176.354854000005,40047.628614,72.14962999999995,200.8758700000003,37.00981576666438,21538.056261028807,15704.820338971194,12933.409420233334,6233.552276074073,5997.4356697777785,1200.0,10800.0,32
220,23125.7913025452,23125.7913025452,0.0,39624.46439000001,39743.958872,124.63132199999995,5.136839999999324,0.0,17812.123865415637,16124.270663251029,13114.364656666667,5997.4356697777785,5937.762981518521,1229.1030832222232,10800.0,31
221,45962.2808913003,45808.8169056103,153.46398569000033,71974.78827,70116.773396,309.2761400000005,2167.2910140000004,22.552620000000047,578.1978353086488,19629.231950691355,15372.722819999999,5937.762981518521,6523.268603807405,1519.6124330296254,10800.0,53
222,48454.00308531287,45881.7268270756,2572.276258237268,69947.204794,70404.602724,2462.7176,2005.3196699999996,377.3206879333335,2875.3308137777813,19616.877876222225,16271.538611399998,6523.268603807405,6098.971346407408,1200.0,10800.0,50
223,49540.0074177453,48096.845564554,1443.1618531912977,74889.496402,72857.828556,1794.416604,3826.0844500000003,222.3246677999997,1264.3376984773731,19522.773931522628,15467.502056199999,6098.971346407408,6483.354489000001,1200.0,10800.0,62
224,47686.25636013114,46672.79539631281,1013.460963818334,67391.78145719999,71625.829189,4279.4752318,45.42750000000001,149.9720460000001,1666.00218025104,20013.861013415626,16025.041408666664,6483.354489000001,6690.22783588889,1330.4290003333335,10800.0,63
225,48804.559125083484,47473.396803481555,1331.1623216019261,69280.84095700001,71811.090421,4054.189995,1523.9405309999997,213.16857326666508,2835.5144083004197,20073.43015069958,16810.97654806667,6690.22783588889,6077.452140333336,1200.0,10800.0,60
226,23877.241930781107,23877.241930781107,0.0,40152.65478899999,39867.952240599996,657.7090145999997,942.411563,0.0,19773.762456114404,16431.874541152258,13497.411639999998,6077.452140333336,5869.015182925925,1215.9948831111099,10800.0,39
227,26509.778051331516,24957.65612168885,1552.121929642664,41736.422712,40237.370314,907.2574449999998,2406.309843,222.4945426666663,19824.494077106996,16690.43344855967,12984.343035666665,5869.015182925925,6463.357469222222,1200.0,10800.0,43
228,47596.84002746367,45655.54178048535,1941.2982469783215,72871.7779935,69271.125736,939.6232359999999,4540.2754935,284.40110833333165,2911.6495976954707,19592.99145230453,16114.507822333333,6463.357469222222,6192.041084814816,1200.0,10800.0,64
229,47615.38234160564,46589.9849291173,1025.3974124883362,70412.59303700001,71109.139957,2267.75638,1571.20946,150.82260333333375,2661.7218823045337,20437.768647695466,16233.643586333332,6192.041084814816,6548.651105148152,1473.2460809629658,10800.0,51
230,45310.33640226313,44335.8364088184,974.499993444726,69328.79755799999,68790.22469999999,397.90430200000094,936.47716,149.6224551999981,1465.7585667489766,19227.42832658436,16070.999788133333,6548.651105148152,5996.670167814816,1200.0,10800.0,52
231,52058.11616466206,50478.0744307161,1580.0417339459611,78663.132263,74932.71860300002,2153.36933,5883.782990000001,242.21275716665826,618.8053832921831,20875.799643374485,16970.364733166673,5996.670167814816,5928.929032222221,1200.0,10800.0,60
232,46802.30553804384,45984.8135981085,817.4919399353381,74307.7996,70062.87778,497.4388100000001,4742.36063,117.76717116666737,410.1866299588502,19402.085896707817,15476.046058833332,5928.929032222221,6195.199607222223,1200.0,10800.0,63
233,26228.46175412032,24591.249374551255,1637.212379569064,40045.359465,40482.420389700004,1059.8975410000005,622.8366163,234.6921415666663,16241.77291271646,16676.259194650207,13431.488976099998,6195.199607222223,6279.956242296297,1200.0,10800.0,41
234,24348.5601848792,24348.5601848792,0.0,39132.81075908,40564.956275200006,1432.1455161200006,0.0,0.0,15167.745831279832,15650.7052390535,12783.500945133332,6279.956242296297,6161.701018407409,1333.7837955925934,10800.0,37
235,46112.48077645993,46046.3279971396,66.15277932033393,69151.701923,69895.923058,1283.6697249999997,539.44859,9.824623000000088,2023.6342855967105,20629.440344403294,16480.91643233333,6161.701018407409,6416.067959111111,1489.645714851853,10800.0,57
236,53660.72976508992,53064.63701445925,596.0927506306678,91246.923484,75879.465194,194.66888999999975,15562.12718,88.39704933333348,1331.9067694238752,20841.294260576127,16978.425803333328,6416.067959111111,6308.315234370379,1351.4158467407485,10800.0,78
237,46700.36430403892,46446.72446273825,253.63984130066717,69929.427534,70825.52796800001,1148.6170539999996,252.5166200000001,36.64347666666674,838.395652510293,20908.754984156378,16413.797575333334,6308.315234370379,6888.641858629633,1614.7394961111152,10800.0,44
238,49859.448015750204,49558.1199066482,301.32810910200084,70166.359465,74410.64508399999,5235.223308999999,990.93769,44.44794266666679,3328.284518436223,19771.405698230446,16558.746056666663,6888.641858629633,6284.300257407408,1260.259425925926,10800.0,64
239,51741.84625249314,50929.4405142398,812.4057382533335,69945.171362,76982.80595499999,7064.716573,27.08197999999993,120.56014833333336,1861.0777642386947,21864.762359094642,17390.26900333333,6284.300257407408,6640.065265777779,1553.2424481481498,10800.0,66
240,24554.675557916875,24554.675557916875,0.0,42044.6673133,41188.774029,0.0,855.8932843000002,0.0,15901.11145016461,16239.291319835389,13506.849090999998,6640.065265777779,6247.817352518521,1294.6531888888899,10800.0,39
241,24403.17072882437,24385.38130178805,17.789427036322724,40775.370855999994,40682.66961,490.60036500000047,583.3016110000001,2.9100976666649316,19279.780002670785,15853.847046995881,12960.767175333334,6247.817352518521,6115.42727777778,1200.0,10800.0,43
242,47990.59409023718,47333.16376798685,657.430322250333,69825.47557899999,71961.905076,2136.4294969999996,0.0,96.8386313333333,1028.60148382717,20843.699953506162,16460.180813333332,6115.42727777778,6585.667443340749,1259.6267233407477,10800.0,40
243,44815.15655339091,44815.15655339091,0.0,78696.634803,64751.39904717,0.0,13945.23575583,0.0,6518.263653325119,18479.91054534155,13820.90968483,6585.667443340749,7861.020617670372,2128.13263907778,10800.0,70
244,41155.45822570594,41155.45822570594,0.0,67402.4404905,63173.713892700005,0.0,4228.7265978,0.0,5695.717811658442,19224.60485234156,15804.3646213,7861.020617670372,7602.759850000003,1889.3568430000018,10800.0,42
245,43239.846079887655,43239.846079887655,0.0,71597.035847,64625.695571,0.0,6971.340276000001,0.0,5673.372374855973,17257.183621810695,13852.577675666666,7602.759850000003,7742.472136666668,2169.149956666667,10800.0,49
246,42856.742329895555,42856.742329895555,0.0,70038.96994,63332.141155,0.0,6706.828784999999,0.0,6079.151770123464,19267.91584987654,15940.492015,7742.472136666668,7371.938607111113,1864.5306555555565,10800.0,58
247,20806.02265513823,20806.02265513823,0.0,38311.6004513,34360.553325,0.0,3951.0471263,0.0,24612.567681255136,15693.644643744861,12769.920666666667,7371.938607111113,7307.418045740744,1904.8498147407408,10800.0,35
248,21372.7013520903,21372.7013520903,0.0,38873.055116,35623.529994,0.0,3249.5251219999996,0.0,24328.754476386828,16387.875614279837,12814.183796666664,7307.418045740744,7818.524102296299,2218.8777022962995,10800.0,35
249,41272.3733900383,41272.3733900383,0.0,65325.561235500005,63402.14299549999,371.85908,2295.2773199999997,0.0,5076.746561742802,19451.456396090533,16087.043579,7818.524102296299,7450.341993222221,1943.4392962962959,10800.0,46
250,41280.21804462546,41280.21804462546,0.0,61848.0650193,62974.96599900001,3040.0947296999993,1913.19375,0.0,1217.6543897942438,18977.09055353909,16615.348477666663,7450.341993222221,6068.225182888894,1315.0587331111167,10800.0,55
251,39840.947149080945,39368.55778030289,472.389368778056,55689.9724074,59330.9906408,3641.0182334,0.0,80.38993430000073,2511.445798806598,20272.118711193405,16475.018201566665,6068.225182888894,6007.556243444445,1200.0,10800.0,53
252,43686.727314284515,43686.727314284515,0.0,65494.9293875,66589.5563888,3969.8119773000003,2875.1849760000005,0.0,716.8730333333349,21980.317527333333,17423.632821866664,6007.556243444445,6430.249993748153,1447.2581960444502,10646.970579859262,61
253,39463.06782820846,39400.333659134485,62.73416907397699,63673.049491699996,58804.579979199996,1078.0721404999997,5946.541653,12.880436966665314,1655.9451365925997,20519.0850634074,16853.655567166665,6430.249993748153,6171.142587296297,1200.0,10800.0,57
254,19270.1954259877,19270.1954259877,0.0,30427.481863499997,32588.8750853,2161.3932218,0.0,0.0,17560.435126974895,16270.806070658437,12794.022312333333,6171.142587296297,6599.287703851852,1404.3337254074097,10800.0,39
255,18617.613632530636,18617.613632530636,0.0,30329.866346699997,31866.888783,1537.0224363000002,0.0,0.0,21092.498338465015,16319.099383868317,13551.810422666666,6599.287703851852,6228.910013037035,1316.8313717407386,10800.0,32
256,43679.294821650365,42915.480953343984,763.813868306381,69094.48633,64127.2008328,1183.05575,6150.3412472,134.05677306666394,761.2581658452651,19809.841070288072,16409.166380266666,6228.910013037035,5825.35988711111,1200.0,10800.0,62
257,40032.65845969516,38622.3301896498,1410.3282700453562,58719.124816,60543.902353,1824.7775369999993,0.0,204.4922028333366,1172.6050671193361,22120.976742880666,17612.217887499995,5825.35988711111,6165.107969592592,1200.0,10800.0,47
258,43529.78262728842,43474.40087962175,55.38174766666711,69284.31445,65437.816302,2071.3358230000003,5917.833971000001,8.238266666666732,2308.6480291234593,20110.173023209874,16464.536466999998,6165.107969592592,5970.334282703702,1261.937733592591,10800.0,60
259,42075.04680454066,41764.1688977709,310.8779067697632,65413.03647499999,63832.465171,1557.026527,3137.597831,48.85078727666705,158.1545533333341,20572.47625566667,16809.43325072333,5970.334282703702,5808.414856444446,1200.0,10795.953605137036,52
260,44382.28832484029,42775.874498983365,1606.4138258569249,58950.960193,65320.3861749,6369.425981900001,0.0,276.25654236666526,2603.780962962967,20808.801530370365,16771.99089273333,5808.414856444446,5900.790797407408,1200.0,10800.0,53
261,18953.80783682575,18953.80783682575,0.0,32027.489216,32923.305188,1118.5830160000003,222.7670439999999,0.0,13366.519237460903,16548.317413539095,13092.883779666667,5900.790797407408,6246.627825518526,1309.2741354444508,10800.0,37
262,19298.893041658215,19037.100328200948,261.7927134572677,31759.022301,32642.268248,1322.541021,439.295074,39.92795761333156,13795.577358765446,16607.197326567886,13366.012213053335,6246.627825518526,6341.980738259261,1200.0,10800.0,37
263,42045.16347019121,41104.4590001671,940.7044700241086,65096.23530000001,64674.779268,1810.7144920000005,2232.170524,153.1119522666632,2838.8182329629744,20303.540047037026,16601.95454306667,6341.980738259261,6168.550621629631,1200.0,10800.0,55
264,43959.97667085143,43717.75575701655,242.2209138348776,69055.24374,64464.24883900001,1826.2780189999999,6417.27292,51.50854553332745,189.1895941152352,20642.620822551435,16930.07291546667,6168.550621629631,5935.717233629631,1200.0,10800.0,61
265,44957.094229106246,43025.75693336483,1931.3372957414163,68803.6722383,66960.656428,601.4694797,2444.4852900000005,333.64383063332605,717.2774709053555,22066.79194242798,17606.38473803334,5935.717233629631,6233.18027288889,1200.0,10800.0,51
266,42980.77719034765,42980.77719034765,0.0,59831.776356999995,65390.4124959,5558.636138899999,0.0,0.0,330.18524115226705,20943.166032181067,16946.16387743333,6233.18027288889,6252.958726925927,1241.1711733703721,10800.0,57
267,44347.12663728349,44243.62920561682,103.4974316666667,64193.2937955,67046.92505672,4846.09306122,1992.4618,15.37166666666667,3164.3052809053484,20005.35126909465,16442.80872661333,6252.958726925927,5987.987395096299,1286.2512385037062,10800.0,56
268,18410.548360973968,17967.519712306857,443.02864866711064,33038.007803399996,32012.257300999998,192.34719,1218.0976923999997,81.71314233333013,11476.804090683132,16147.830955983534,13224.908103333335,5987.987395096299,5826.692918444446,1200.0,10800.0,36
269,21246.25581986417,19447.851613107632,1798.4042067565376,32198.996595,33723.0772513,1524.0806562999999,0.0,335.1728097999958,13173.856883999586,16520.412522633746,13437.321595533338,5826.692918444446,5764.706860444444,1200.0,10800.0,40
270,45779.34408059392,45739.78271142725,39.56136916666671,65399.951859999994,69651.928128,5055.158281,803.1820130000001,5.868333333333339,1815.3773244074114,21163.62992259259,16808.83995233333,5764.706860444444,6135.484954851854,1539.5730792222244,10800.0,55
271,45614.9366942436,43569.990334570306,2044.9463596732976,69045.0418267,66804.3291827,1015.86076,3256.5734040000007,336.52158499999484,434.2485766666683,21532.53041,17585.81981896667,6135.484954851854,5974.962525000001,1200.0,10742.789447592595,38
272,46594.813887593715,46382.584452618714,212.2294349750009,67903.1521189,71231.8723589,3365.31276,36.59251999999992,31.411150000000134,1510.800130082302,22024.538026584367,17694.229414433332,5974.962525000001,6136.791843999999,1367.5314987777779,10800.0,36
273,38529.91419934515,38529.91419934515,0.0,64303.98793,60164.149137,41.084544,4180.923337,0.0,5302.393076534983,21369.937319465018,16169.702792333332,6136.791843999999,7403.398995592595,1885.9820751851885,10800.0,48
274,40593.7268378783,40593.7268378783,0.0,69558.186082,60044.464501,1.1791920000000005,9514.900773000001,0.0,3878.5837634115305,20673.559992921808,16238.462371999998,7403.398995592595,7966.867020333335,2009.5915118148162,10800.0,57
275,16379.69005782005,16379.69005782005,0.0,29679.744045,29829.6113,370.384375,220.51711999999998,0.0,18989.539928106995,16734.692051893006,13711.774379999999,7966.867020333335,7792.785000370374,1539.438367296297,10800.0,31
276,17656.93741247,17656.93741247,0.0,32717.625119999997,31634.180159999996,0.0,1083.4449599999998,0.0,15503.50541390947,16492.64045609053,13457.948143333333,7792.785000370374,7682.8856960370385,1871.1035615185237,10800.0,33
277,40302.7995006432,40302.7995006432,0.0,68421.7921337,59572.656033,320.96187000000003,9170.097970699999,0.0,1210.3593681070024,19802.17343522633,16175.837837,7682.8856960370385,7531.688635518517,1920.3427331481532,10800.0,63
278,40100.32872829403,40100.32872829403,0.0,59898.6304837,62211.492573699994,2635.7654899999998,322.9033999999999,0.0,658.7860541975255,20241.175562469143,16421.578292966668,7531.688635518517,7502.5485384444455,1690.291902444445,10800.0,37
279,40765.23800232406,40765.23800232406,0.0,62824.074007699994,63252.175929000005,1688.6944493,1260.5925280000001,0.0,1729.879971604951,20204.22645506172,16453.493497666663,7502.5485384444455,7404.692906148148,1797.412182185188,10800.0,59
280,38480.54658705683,36792.7903893975,1687.7561976593265,57297.694362,59002.57542200001,1868.6793399999997,163.79827999999975,256.35107003333235,212.0487923868319,20084.194864279838,17515.812831299998,7404.692906148148,6018.454027000001,1200.0,10800.0,43
281,42691.530421039,40244.49004244687,2447.040378592131,69043.3970013,59768.3424253,702.18236,9977.236936000001,397.40491479999673,393.24197078189735,21466.953892551435,17454.43020656667,6018.454027000001,5944.901189666665,1200.0,10800.0,57
282,16587.319310561354,16563.7113504695,23.60796009185305,30619.514174000004,30686.725368,619.37173,552.1605359999996,5.699140899993832,18359.94066111111,16211.153592222223,13222.280661100005,5944.901189666665,5843.51646588889,1200.0,10800.0,28
283,18276.353061248657,16606.38394182807,1669.9691194205861,31591.852679999996,31651.9204044,382.75022540000003,322.68250100000023,243.09028559999803,14527.00725201646,16292.486914650204,13030.797059999999,5843.51646588889,6028.091289074074,1200.0,10800.0,29
284,42307.52484663135,40268.0770563295,2039.4477903018496,62621.068924,62369.904262,1581.1416279999999,1832.3062899999998,299.22866936666423,580.3292843621425,20244.80527897119,16670.957615299998,6028.091289074074,5725.129800925926,1200.0,10800.0,46
285,42487.33780810083,42058.4993263667,428.83848173412537,65431.332070000004,61525.42716200001,2513.86445,6419.769358,80.98497629999865,356.453273045277,20777.403233621393,16554.839668366665,5725.129800925926,6030.526413,1200.0,10800.0,55
286,42948.380665454155,42045.7718939952,902.6087714589556,67428.05077,65115.47706900001,1538.708919,3851.28262,131.37777886666035,565.9904100000011,21382.132230000003,17475.09707546667,6030.526413,5857.670891703704,1200.0,10669.813214296297,45
287,43170.55564630123,42666.4799225505,504.0757237507318,70728.93552999999,66271.84673,648.8583899999999,5105.947189999999,111.343289733333,252.40581333333387,21680.135396666665,17469.374840266668,5857.670891703704,5959.37625951852,1200.0,10696.540225444445,52
288,43910.69129080901,43604.96489804635,305.72639276265585,66851.543373,67405.966153,2028.6365700000001,1474.2137899999996,55.480251799998314,298.2791151851899,21647.586781481477,17450.892441866665,5959.37625951852,6052.323871888889,1200.0,10800.0,48
289,18003.252020168264,16391.51721086351,1611.7348093047567,30021.2767302,30816.176228000004,1004.8518577999998,209.95235999999937,304.3820453333344,12184.122067255148,16211.998637078186,13279.761747666664,6052.323871888889,5887.831814518518,1200.0,10800.0,32
290,17473.356830478,17473.356830478,0.0,32047.009220000004,31758.764756000004,678.69544,966.9399040000004,0.0,12358.789140123456,16141.635553209875,12818.253203999997,5887.831814518518,6172.800252407405,1451.6900144074089,10800.0,37
291,44654.84480037777,44189.43127609535,465.41352428241754,68344.02234699999,68078.595276,1824.240219,2089.6672899999994,84.95431536666914,273.87380666666763,21445.693413333334,17441.740161966663,6172.800252407405,6094.213033333334,1200.0,10577.587521259256,58
292,44744.55962752358,44328.880892238594,415.6787352849863,72767.39024,68968.514322,339.15529000000004,4138.031208,79.34477300000042,607.8312798600871,22266.294522139913,18267.049073666665,6094.213033333334,5837.156910296297,1200.0,10800.0,53
293,45222.53496629865,45222.53496629865,0.0,72228.142257,71550.9609,1313.034093,1990.2154499999995,0.0,570.5524013580296,22699.088331975305,18181.261183333332,5837.156910296297,6064.935094259266,1309.6694618888957,10800.0,48
294,45013.925827652565,43886.71931373735,1127.2065139152153,68549.657513,70039.13973,1570.393967,80.91174999999998,166.08440020000216,543.8137641975436,22355.787445802456,18249.273779799994,6064.935094259266,5908.172929037039,1200.0,10800.0,37
295,47010.23357368095,47010.23357368095,0.0,79821.702888,67977.749564,1046.8969140000002,12890.850237999999,0.0,372.50223349794055,22107.862576502062,17882.112279333334,5908.172929037039,5936.235604185185,1277.1563906666674,10800.0,68
296,18487.70323424141,17622.548679870997,865.1545543704121,31857.070071000002,32661.612997000004,840.1182359999999,35.575309999999945,166.18131336666318,11102.854145473251,16923.28600786008,13618.396559633336,5936.235604185185,6035.641278333334,1200.0,10800.0,32
297,18819.328586042815,16995.5133871235,1823.8151989193125,31767.943248,32185.149301,470.23259099999996,53.026537999999775,315.8965442666636,10020.189795111113,16538.356655555555,13455.933338733335,6035.641278333334,5969.125225296297,1200.0,10800.0,28
298,45681.218464038,45681.218464038,0.0,74015.19474,69274.91701,1635.9560900000001,6376.23382,0.0,230.9371271604988,22104.933532839503,17605.265666666663,5969.125225296297,6302.159108555557,1482.6544300370374,10800.0,59
299,45068.269452570334,44975.784184837,92.48526773333361,66689.8278,69307.48849,4161.46205,1543.80136,19.744933333333393,1883.0398394238666,21557.947677242802,17666.335759999998,6302.159108555557,6075.050062518518,1280.5555060740726,10800.0,55
300,45966.07646396195,45269.2184412076,696.8580227543464,66935.420303,70630.221464,3815.744161,120.94299999999998,105.53950983333519,662.7552379835463,21776.968845349787,17676.384809499996,6075.050062518518,6033.8944572222235,1200.0,10800.0,49
301,47553.04979779971,47327.54923666763,225.50056113207478,75380.9179633,74232.21269,1100.9517667,2249.6570400000005,48.7393360666684,640.2326062963,22823.6388137037,18495.17619393333,6033.8944572222235,6024.97361851852,1200.0,10800.0,50
302,45151.87986099174,44441.5778191405,710.3020418512475,66157.54205,69247.92783,3385.4689500000004,295.08317000000034,141.6521181999968,534.9032149794255,21959.68347835391,17892.824395133335,6024.97361851852,5907.772754444446,1200.0,10800.0,51
303,18245.4227934043,18245.4227934043,0.0,34425.368959,33792.523297,189.14505999999997,821.9907220000003,0.0,6409.058301567905,17384.836468765425,13905.663539999998,5907.772754444446,6103.388309666667,1303.7744412962961,10800.0,35
304,18149.0562774739,18149.0562774739,0.0,33116.533979,33642.147118,633.2651500000002,107.65201099999986,0.0,7494.382998395065,17169.7623632716,13566.036676999998,6103.388309666667,6482.800351055561,1508.675923555557,10800.0,34
305,49200.84533826369,47327.65602032783,1873.1893179358606,72236.87718420001,73656.88046,2923.05026,1503.0469842000002,271.65151253333244,1286.0881365226423,22086.662773477357,18240.602870799998,6482.800351055561,6093.460324074075,1200.0,10800.0,58
306,47654.8495657397,47654.8495657397,0.0,78128.614489,75055.221917,338.6797569999998,3412.0723289999996,0.0,920.1111833744933,22914.59276662551,18284.412316333328,6093.460324074075,6400.580129222219,1484.7553502222177,10800.0,54
307,47778.78865385735,46039.50738399145,1739.2812698659056,71571.56346599999,72014.5512681,1629.7883081,1186.800506,272.465807899996,1042.330814602055,21348.352530164615,17683.738302100002,6400.580129222219,5965.499292925925,1200.0,10800.0,60
308,48975.8455854403,48975.8455854403,0.0,80684.666015,75449.54141,359.6552299999995,5594.779834999999,0.0,799.2675833333279,23417.39296333334,18445.139203333332,5965.499292925925,6546.553845111113,1548.1055822592612,10800.0,63
309,48938.689378355164,48938.689378355164,0.0,74139.0867514,76682.226587,2549.9121056000004,6.772269999999935,0.0,1435.651398395073,22227.078091604926,18350.087452999996,6546.553845111113,6161.938068666671,1336.2374254444483,10800.0,64
310,18799.8126828929,18799.8126828929,0.0,33700.900612,34662.789808,961.8891959999997,0.0,0.0,7676.6516619341655,18323.515468065834,14655.839105333333,6161.938068666671,6368.836317333338,1412.4490259259317,10800.0,33
311,17980.83414665055,17980.83414665055,0.0,33787.79745300001,34115.77591900001,344.8359560000001,16.857489999999643,0.0,7250.305091111118,17223.913348888884,14149.649621,6368.836317333338,6148.525419111113,1208.061232111112,10800.0,29
312,49279.060005171705,49279.060005171705,0.0,77602.44833779999,76759.8727828,974.7207900000003,1817.296345,0.0,994.3291798782006,22735.57234958847,18316.845929999996,6148.525419111113,6258.489500407406,1404.481376925925,10800.0,58
313,52024.44262323329,50995.32279169695,1029.1198315363465,78200.39100999999,79378.871307,2777.248367,1598.7680699999999,174.51371246666375,1522.504409094643,22603.604527572024,18431.1670172,6258.489500407406,6122.65911166667,1200.0,10800.0,60
314,49864.86842386545,49855.883149698784,8.98527416666696,80298.9380457,77087.607246,426.0902689999998,3637.4210686999995,2.0516666666667334,860.0157527160627,23072.67708061727,18402.053587333332,6122.65911166667,6441.342276074074,1586.384000555554,10800.0,70
315,50461.18843294408,49785.268643397445,675.9197895466386,76839.636033,76290.938179,2231.498089,2780.1959429999997,96.89217166666265,1732.244867477376,21658.727061522626,17959.129328333336,6441.342276074074,5979.608488851853,1200.0,10800.0,61
316,51150.42529564738,50858.72030931565,291.70498633173213,75127.37388,77331.302597,3226.8625770000003,1022.9338599999996,42.47607923333317,552.2581697530899,21884.619903580242,17458.970713766663,5979.608488851853,6276.910053444446,1200.0,10800.0,48
317,18723.045744546802,18723.045744546802,0.0,34898.83782,35022.986741999994,231.86956199999995,107.72064000000063,0.0,4269.102366502063,17574.922930164605,14419.493854666665,6276.910053444446,6072.680852074077,1206.2249828148172,10800.0,34
318,19339.18919951237,19339.18919951237,0.0,36788.201491800006,36283.399179,237.66156720000004,742.46388,0.0,4513.768455131692,18506.89956386831,14949.155756666665,6072.680852074077,6118.717396592598,1277.196958185189,10800.0,18
319,51978.8906611345,51978.8906611345,0.0,77641.04446,79932.13986999998,2996.3933199999997,705.29791,0.0,1034.396658683142,22848.089107983527,18384.89028,6118.717396592598,6254.3417271111175,1384.9518946296348,10800.0,63
320,51340.16734126549,51340.16734126549,0.0,74813.24983,78770.02411,4484.738410000001,527.9641300000002,0.0,1881.537659465027,22253.06411386831,18060.33199666666,6254.3417271111175,6215.063877740739,1389.4759544074054,10800.0,46
321,50832.38061303769,50832.38061303769,0.0,78561.0323297,79925.916876,1604.6365463000002,239.75199999999984,0.0,435.08025654320886,24038.038822456794,19437.754036333332,6215.063877740739,6251.794333137037,1319.6171083592594,10800.0,51
322,53503.92933520783,53497.62827770783,6.301057500000476,77294.55371929999,80963.4076285,4843.706846200001,1174.8529370000006,1.3850000000001046,1548.550926739097,22379.125787460904,18331.195685699997,6251.794333137037,6025.0123355185215,1218.2406848888913,10800.0,65
323,51653.42938684683,51653.42938684683,0.0,77785.0089533,80158.87859070001,2786.4707774,412.6011399999996,0.0,907.7986404366311,23516.43485226337,19058.43093533333,6025.0123355185215,6013.769329962964,1245.861234629629,10800.0,60
324,19690.565665824248,19690.565665824248,0.0,35549.935563,36182.087419999996,856.8452970000001,224.69344000000007,0.0,3544.437659008233,18338.256957325102,14564.991262999998,6013.769329962964,6334.876965999999,1580.0701806666657,10800.0,35
325,20476.9954279079,20476.9954279079,0.0,38697.924243999994,38409.813264,319.2945599999999,607.4055399999997,0.0,4930.916573909466,18251.898246090535,14992.831039333332,6334.876965999999,6102.884232666668,1338.7736490000023,10800.0,36
326,52723.14483220925,52066.76885257676,656.3759796324849,78811.4797844,80121.4898454,2630.4314099999992,1320.4213490000002,138.62010249999747,780.5100779835427,22550.311252016458,18302.807665433334,6102.884232666668,6061.71139788889,1200.0,10800.0,64
327,51196.34072009678,50333.2957762913,863.044943805477,76891.189494,78707.873987,2003.859143,187.17465000000016,151.35372963333475,497.2249611522692,23119.7339855144,18919.674930033332,6061.71139788889,5847.610951481482,1200.0,10800.0,54
328,53992.927127075935,53861.45706204555,131.47006503038665,89014.923987,81342.62020800001,0.0,7672.303779,18.846052899998085,801.0773220576211,22862.589274609047,18470.86080243333,5847.610951481482,5900.76262925926,1200.0,10800.0,77
329,53350.51955026925,53350.51955026925,0.0,84326.608931,83154.05954300001,855.2460490000002,2027.7954370000002,0.0,1427.2841079547388,24093.281036378597,19124.172484666666,5900.76262925926,6335.6350234814845,1352.71915514815,10800.0,53
330,52435.2644476483,52435.2644476483,0.0,81050.60838800001,81262.609402,1537.7398640000001,1325.7388499999997,0.0,1324.5699089835466,22729.496635349788,18572.349875666667,6335.6350234814845,6156.237689000007,1230.7159077777842,10800.0,60
331,21302.793257782243,19838.922629502325,1463.870628279919,36727.307467499995,37048.992163999996,397.99592650000005,76.31122999999997,223.98416743333127,2663.272441481483,19077.502195185185,15389.036855233331,6156.237689000007,6227.059825518518,1200.0,10800.0,34
332,22172.0503656382,22172.0503656382,0.0,45770.970942,39655.602472,0.0,6115.36847,0.0,1513.4044588065822,18311.95074119342,15099.202827999998,6227.059825518518,5930.923461481481,1310.1787209259264,10800.0,39
333,55131.595118969526,55016.279385742855,115.31573322667059,84239.939551,85939.071504,2050.861291,351.7293380000001,16.53035166666723,816.0282820987754,25233.730584567893,20338.98512766666,5930.923461481481,6042.4086235185205,1200.0,10800.0,66
334,68838.83009498306,64923.211214143346,3915.618880839719,87782.454113,94660.618348,6885.123515000001,6.959280000000035,814.9190734999938,2546.2014981069988,26413.385238559673,19782.977048500004,6042.4086235185205,7833.369728777778,1200.0,10800.0,80
335,69018.01102702897,65769.2811958169,3248.7298312120674,88935.18168,95117.133297,6899.6861069999995,717.7344899999998,656.2709655666702,2746.6422032921873,24420.417983374482,20031.465874099995,7833.369728777778,7554.56160925926,1200.0,10800.0,74
336,67704.52137388899,67645.21690802948,59.304465859500134,79440.4954082,94289.41462422001,14848.91921602,0.0,13.03538100000003,2687.8903583374495,24259.480861662556,19807.66978144666,7554.56160925926,7379.572405370371,1581.1264165777795,10800.0,83
337,68204.76289339975,64985.36449885701,3219.398394542738,87076.24974,93306.352223,6835.518832999999,605.41635,641.9280330999975,2355.6824185185255,24803.718971481478,19982.329883899998,7379.572405370371,7500.330719814814,1200.0,10800.0,66
338,30217.884242568303,28394.851565556804,1823.0326770114993,39456.338549,46598.3829,7246.4349409999995,104.39058999999997,357.1438201333332,1674.9729035390947,20249.42326979424,16280.497136533333,7500.330719814814,7635.370399814817,1218.3701999999998,10800.0,48
339,29601.5632491687,29601.5632491687,0.0,42095.569124999995,49169.134004,7073.564879,0.0,0.0,1661.703628732516,19908.735321934153,16065.935763333331,7635.370399814817,7702.1924525185195,1530.8325249259346,10800.0,53
340,65459.41362161348,63997.67662883005,1461.7369927834263,90572.2298534,93557.28400110001,4725.845797699999,1740.79165,308.5187743999918,1869.306077448562,24509.467279218108,20165.651831166673,7702.1924525185195,7354.433191407408,1200.0,10800.0,74
341,62964.47976120656,61559.632535597004,1404.8472256095579,97959.647883,92874.081243,71.78087999999997,5157.347520000001,209.82731543332727,2203.7047298353905,22398.742496831277,19365.749784900006,7354.433191407408,5995.801677555556,1200.0,10800.0,68
342,63205.56919885856,61808.665148696244,1396.9040501623172,98570.89018399999,93392.74376810002,217.33690999999993,5395.4833259,217.39328099999776,1406.2018824279899,25315.433060905343,20499.952160899997,5995.801677555556,6001.966809148147,1200.0,10800.0,62
343,61460.80890038175,60608.94028931425,851.8686110675015,94121.190519,94120.3226254,1328.5036164,1329.3715100000009,126.35677156667404,1120.1460922633737,25539.18774773663,20800.272909699986,6001.966809148147,5875.821438000002,1200.0,10800.0,59
344,62783.77267094115,61346.324436110066,1437.448234831084,98262.0642116,92271.110908,387.06181499999997,6378.015118599999,247.43644426666418,2020.4975174526855,24063.96250954732,19527.167374733337,5875.821438000002,5836.535058,1200.0,10800.0,79
345,27433.223373737153,26197.680345408502,1235.543028328651,50252.7009762,49251.5866095,671.4090932999999,1672.5234600000003,232.68964899999742,1663.6349290946532,20785.711287572016,16679.4834415,5836.535058,6010.915837370369,1200.0,10800.0,34
346,26986.913983601033,26217.790275475993,769.1237081250413,51536.774976,48994.668541399995,116.0285754,2658.13501,150.90724466333353,1326.8123450205744,21072.39438197943,17052.164324269997,6010.915837370369,6029.221531962962,1200.0,10800.0,34
347,62929.41030227413,61471.5254187713,1457.884883502831,93116.480033,94824.288693,2494.52973,786.72107,302.0065353333326,1551.34558909465,25355.534697572017,20559.30685833333,6029.221531962962,6005.528472740742,1200.0,10800.0,62
348,62839.035183442036,62698.774575704454,140.26060773758175,92433.415139,95556.76590600002,3784.0520869999996,660.7013199999999,20.106165099997384,1433.5453702469222,25000.430413086415,20326.661678900004,6005.528472740742,5920.736201296296,1200.0,10800.0,55
349,62054.9600396414,62054.9600396414,0.0,97850.80115300001,95043.030512,0.0,2807.770640999999,0.0,896.4442583127541,24884.749988353917,20156.255068,5920.736201296296,5921.172226370373,1311.1981421111138,10800.0,68
350,62009.006835368324,61708.663618521205,300.3432168471178,98133.422879,93759.190923,380.83491000000004,4755.066865999999,54.423578300000074,785.259127736628,24876.656532263376,20040.148225366665,5921.172226370373,6043.331743888889,1200.0,10800.0,77
351,59985.75392880125,59985.75392880125,0.0,92854.98108599999,92978.670088,548.6761520000003,424.9871499999999,0.0,731.1633711934264,25474.962938806577,20593.723188666663,6043.331743888889,6088.883734740741,1300.888979370369,10800.0,55
352,27313.74734693477,26197.6593299968,1116.0880169379711,47146.523201,47247.106358000005,1649.28971,1548.7065530000002,179.01654597999868,986.6572904115192,20059.23082158848,16528.15650802,6088.883734740741,5777.573131925928,1200.0,10800.0,43
353,26505.16233631285,26250.583378702402,254.57895761044577,50357.18299,47565.141782000006,478.42261,3270.4638179999993,42.976402966663635,663.1262972839572,21399.43648938271,17310.7968517,5777.573131925928,5802.847248259259,1200.0,10800.0,47
354,63085.41320290318,62116.62162525985,968.7915776433271,96566.342295,95397.65221500001,1031.4743000000003,2200.16438,144.67714333333242,1471.5455095473285,25314.908223786006,20281.906241666664,5802.847248259259,6050.813270037038,1200.0,10800.0,71
355,62278.383530582476,60355.611523311396,1922.7720072710767,94057.038319,93879.287289,304.99212000000006,482.74315,328.69540106666807,658.9590785185284,24702.40801814814,20090.81148993333,6050.813270037038,5959.856608666667,1200.0,10800.0,40
356,62259.13099272328,61788.306808396905,470.824184326377,96784.1723742,93096.828506,746.15573,4433.4995982,67.4919988999967,1231.0647301646118,24727.899083168726,20052.73584176667,5959.856608666667,5934.148181555557,1200.0,10800.0,81
357,63564.451595294355,61400.74633822636,2163.705257067992,95748.35621170001,93444.395593,477.378663,2781.3392817,315.8247338000037,1228.0952376131752,24752.796389053496,20075.23061653333,5934.148181555557,5905.853135555557,1200.0,10800.0,65
358,62556.23115306405,60426.60804736725,2129.6231056967995,92330.119433,93444.416197,2018.0571009999994,903.7603370000002,316.91754853332844,1111.235168683133,25283.47542131687,20445.825377800003,5905.853135555557,5943.3972616296305,1200.0,10800.0,62
359,25915.3207791787,25915.3207791787,0.0,47928.181225,47992.933497000005,641.3040120000001,576.5517399999999,0.0,653.2820374897137,20693.054072510287,16361.025046333332,5943.3972616296305,6388.229208740742,1501.7935569629633,10800.0,32
360,25870.32437402752,25821.7725942879,48.551779739620066,49183.881227,48092.96144299999,389.498196,1480.4179800000006,7.9423817666644965,1069.5198849794247,20825.336265020575,17132.7613919,6388.229208740742,6094.630300703705,1200.0,10800.0,36
361,60518.87065827487,60101.737752792396,417.1329054824768,94927.45741,92338.22709,83.13646999999997,2672.3667900000005,88.46956203333556,1115.836576543224,24086.109196790116,19584.503871299996,6094.630300703705,6011.568720814816,1200.0,10800.0,59
362,60679.73563967545,59907.21481473755,772.5208249378979,94240.2269635,93503.18948649999,651.5596640000001,1388.5971409999997,130.11994199999967,1577.9647574485634,24987.51306588477,20455.9346615,6011.568720814816,5771.514189555556,1200.0,10800.0,45
363,60621.8894346351,59695.44298850424,926.4464461308614,94687.3157411,92168.77181479998,190.95531870000002,2709.499245,168.88621486666577,1213.6374120576254,24855.967184609042,19956.349166999997,5771.514189555556,5968.163359037039,1200.0,10800.0,76
364,61952.399533182164,60829.68746270335,1122.7120704788208,96219.580952,94443.399784,0.0,1776.1811679999998,208.81410463333634,1386.2332139917821,25118.66591600822,20499.10817469999,5968.163359037039,5798.175822666669,1200.0,10800.0,56
