日期,计划量_kWh,初始计划量_kWh,最终常规量_kWh,上调量_kWh,下调量_kWh,紧急电量_kWh,计划费_元,调整费_元,紧急费_元,合计费用_元,弃电量_kWh,期初储电量_kWh,期末储电量_kWh,调整提交次数
2025-02-01,46961.80514595297,46961.80514595297,41090.575074758046,0.0,5871.230071194931,0.0,20201.493451844115,-1553.509814993625,0.0,18647.98363685049,3698.130330334895,6827.2703146576,6040.499213921859,3
2025-02-02,93960.54957867446,93960.54957867446,85543.24318394907,0.0,8417.306394725383,60.79109499944195,66036.1816688137,-3613.910267276734,352.5883509967633,62774.85975253373,2777.688220801745,6040.499213921859,6110.059626385642,3
2025-02-03,95222.08201955818,95222.08201955818,87034.83422205549,0.0,8187.247797502692,154.8903251101525,68356.08894215178,-3627.166209051181,769.0683762697731,65497.99110937037,2255.5071132679,6110.059626385642,6321.470619094503,3
2025-02-04,96865.37859685207,96865.37859685207,88354.85553520982,287.4893235822383,8798.012385224487,0.0,70007.27184738411,-3485.8375563565232,0.0,66521.43429102759,2834.280636105642,6321.470619094503,6089.43063394146,3
2025-02-05,90844.69146493197,90844.69146493197,87536.50794083187,0.0,3308.1835241000917,88.82918594066132,64511.868818467214,-1486.1846029479716,581.875582504302,63607.55979802355,2152.410550311197,6089.43063394146,6288.047303708852,3
2025-02-06,96798.64428530887,96798.64428530887,86869.35429879313,226.37266257880412,10155.662649094538,62.539248725124935,69772.61409538312,-4210.702814181706,430.20910536157066,65992.12038656298,2077.312111062869,6288.047303708852,6302.604064997413,3
2025-02-07,46082.6483627005,46082.6483627005,39970.20185634501,0.0,6112.4465063554835,251.13877059869282,19347.867417580892,-1397.9901023259429,1045.114984434888,18994.992299689835,4984.923752622265,6302.604064997413,5986.723086462131,3
2025-02-08,38033.47480432203,38033.47480432203,38440.649735630344,509.38126103643884,102.2063297281262,0.0,15611.540904254254,601.797752995653,0.0,16213.338657249908,2594.1916963702893,5986.723086462131,6387.6502937625155,3
2025-02-09,89348.38349275826,89348.38349275826,86862.64635596768,81.9926796299543,2567.7298164205295,0.0,62928.132606014464,-1069.6141134910763,0.0,61858.518492523384,3010.5206095051044,6387.6502937625155,6293.935131228893,3
2025-02-10,85489.74877605512,85489.74877605512,79557.26804248602,0.0,5932.48073356911,0.0,58169.07737541372,-2420.079941331794,0.0,55748.997434081924,1239.1368468141454,6293.935131228893,6005.04835075124,3
2025-02-11,86418.99107038594,86418.99107038594,80643.48214949833,0.0,5775.50892088759,316.201641065326,59438.14814120151,-2467.2353262998727,1656.1885506338422,58627.10136553548,1160.5001057898075,6005.04835075124,6093.990481485573,3
2025-02-12,86482.20932999424,86482.20932999424,80299.69203826254,582.1357936662114,6764.653085397897,531.2513445484935,59266.054290837754,-1746.4487475481703,2829.3900413552624,60348.99558464484,1104.947558968723,6093.990481485573,6067.694482113755,3
2025-02-13,81191.32082273325,81191.32082273325,77808.17054136426,392.5736044249337,3775.7238857939105,16.05224154141174,54049.83807587292,-894.0352559411256,70.8947596439868,53226.69757957578,2141.865551563261,6067.694482113755,6133.386856557196,3
2025-02-14,36826.47209023036,36826.47209023036,37703.29873819949,889.1688589565147,12.34221098738476,0.0,15065.831741978873,929.2433465194879,0.0,15995.07508849836,3963.98446946076,6133.386856557196,6378.5501393293,3
2025-02-15,36682.02804318152,36682.02804318152,36519.09804492211,287.247085389844,450.17708364925437,0.0,15777.382652428272,180.33680342196973,0.0,15957.719455850242,3929.5559888738144,6378.5501393293,6091.39335542006,3
2025-02-16,85694.0118069,85694.0118069,80107.12529432648,888.7616992162137,6475.64821178971,0.0,59033.792750070534,-1063.7973295131603,0.0,57969.995420557374,311.7655324525706,6091.39335542006,6240.32147433483,3
2025-02-17,85126.43452194172,85126.43452194172,75728.59202887848,457.55915991975166,9855.40165298299,3.1494081123473734,57841.57031342761,-2814.562656018662,20.54516382089809,55047.552821229845,770.8481680692084,6240.32147433483,6114.007014076278,3
2025-02-18,75700.72970904934,75700.72970904934,77062.7516139529,2393.2612712034074,1031.2393662998243,0.0,49907.94105394953,2815.305588389476,0.0,52723.24664233901,728.8008028895183,6114.007014076278,6412.725875343643,3
2025-02-19,76113.00789589537,76113.00789589537,77807.48713890015,1796.7774981618234,102.29825515704442,23.475804516584162,50546.702424487,2244.627999593045,125.63076787050014,52916.96119195054,1066.8226912743717,6412.725875343643,5984.170385531212,3
2025-02-20,79852.33915538326,79852.33915538326,77053.38002669209,493.3609638855262,3292.3200925767014,31.451303378472062,53255.437208702875,-435.3643187431618,176.4575376049175,52996.530427564634,1602.2999016347521,5984.170385531212,6304.325414061423,3
2025-02-21,34799.925575201414,34799.925575201414,35541.75602807132,741.8304528699047,0.0,0.0,14473.719779382518,793.9068828983424,0.0,15267.62666228086,6078.903807898133,6304.325414061423,6447.00363554027,3
2025-02-22,35035.737788645245,35035.737788645245,35628.38328018354,947.9575768361685,355.31208529787557,0.0,14821.070514706724,988.8542145828831,0.0,15809.924729289607,3992.135376422798,6447.00363554027,6502.074391685113,3
2025-02-23,78081.83818564014,78081.83818564014,76045.90853691175,1373.3066999456735,3409.2363486740674,3.157158340446813,51736.55302059422,774.0326627586744,16.32250862011002,52526.90819197301,588.8783667789577,6502.074391685113,6209.511688753952,3
2025-02-24,74896.96503273805,74896.96503273805,73969.13192506944,365.4869333845931,1293.320041053198,32.97646955226219,49928.70265592685,3.6057919843862294,168.49327117728367,50100.80171908852,1669.4070817135485,6209.511688753952,6409.172025408032,3
2025-02-25,77379.27036084364,77379.27036084364,72048.52557426429,274.3296027200324,5605.074389299366,39.449221926085215,50379.60399110742,-1578.9869935701581,200.1768814498111,49000.793878987075,2512.836510777866,6409.172025408032,6196.778464553687,3
2025-02-26,71068.84047072093,71068.84047072093,74929.13388583933,3860.2934151184004,0.0,0.0,45981.29776600458,4490.694210762625,0.0,50471.9919767672,1411.2911124281588,6196.778464553687,6559.987214740714,3
2025-02-27,71542.70269052859,71542.70269052859,72096.19190185724,1260.6674192422577,707.1782079136011,116.30257805122663,45432.24062915142,1443.04117872708,588.0723022431466,47463.35411012165,1147.2286022801545,6559.987214740714,6294.243314559602,3
2025-02-28,33445.24860271402,33445.24860271402,33906.599480732606,461.35087801858367,0.0,0.0,13655.577622596988,502.8234892445298,0.0,14158.401111841518,7180.8573601521775,6294.243314559602,6375.921487045416,3
2025-03-01,36545.01036212062,36545.01036212062,33547.34350175228,0.0,2997.6668603683393,329.8254479976671,14805.735322172386,-658.9276367310005,1524.1311058253896,15670.938791266773,7277.581206825448,6375.921487045416,5883.157863414515,3
2025-03-02,80992.21061479751,80992.21061479751,77685.14663628841,464.4187545183717,3771.4827330274657,291.9638851172007,53830.081658451345,-902.9022543875365,1600.0869318326331,54527.266335896435,1359.5542470361775,5883.157863414515,5893.274854617674,3
2025-03-03,83327.59203966122,83327.59203966122,77252.07431559436,804.8628515359295,6880.380575602782,226.8575748099621,55408.44439568232,-1270.1050790890667,1208.5051132260346,55346.84442981929,996.9031786914643,5893.274854617674,5945.074470245979,3
2025-03-04,74385.1951555177,74385.1951555177,73787.34977850517,1209.4757294560545,1807.3211064685784,90.19655112902683,48493.70338493276,1197.0938109450021,468.78126833046133,50159.57846420822,810.8354571289528,5945.074470245979,5867.756960687228,3
2025-03-05,78828.02606098614,78828.02606098614,71615.03595327237,1030.0397890828738,8243.029896796654,160.00827869793932,50464.023835324275,-1140.214704045526,1049.0824486325862,50372.89157991134,1438.4876019154417,5867.756960687228,5960.761970188509,3
2025-03-06,73457.83318685665,73457.83318685665,71023.29016436724,476.83321664013664,2911.376239129536,0.0,46650.102203341696,-289.70645005054564,0.0,46360.39575329115,911.0031651669794,5960.761970188509,5879.771672240065,3
2025-03-07,34854.18177820054,34854.18177820054,32953.68744803956,7.928389337140516,1908.4227194981106,124.82316749677139,14319.146081481842,-570.4687316674062,503.02197187871275,14251.699321693148,8889.483090042748,5879.771672240065,5893.045395663774,3
2025-03-08,32216.130534278793,32216.130534278793,32621.61180323177,405.48126895297696,0.0,0.0,13170.40234641828,420.7509825077181,0.0,13591.153328925997,9638.080650488535,5893.045395663774,6555.035763805679,3
2025-03-09,74881.79049807998,74881.79049807998,68535.0648809828,90.36296782074442,6437.08858491791,0.0,47075.94499648964,-1765.2916181766755,0.0,45310.65337831296,1366.5583928068472,6555.035763805679,6364.933706665243,3
2025-03-10,72015.6305051302,72015.6305051302,74127.52690597186,2270.3728025843893,158.4764017427392,0.0,46509.19569603701,2718.144846885092,0.0,49227.3405429221,1915.3440701424433,6364.933706665243,6328.198080541478,3
2025-03-11,63867.23886856613,63867.23886856613,70069.94190196405,6203.2516901251865,0.5486567272668026,0.0,40399.14049856101,5683.711853642073,0.0,46082.85235220309,1815.7396401415822,6328.198080541478,6498.386140661619,3
2025-03-12,73552.10785399546,73552.10785399546,67445.40977473595,108.92823374713964,6215.626313006648,0.0,46423.14262720043,-1796.2443565732483,0.0,44626.898270627185,1220.774913467928,6498.386140661619,6280.566268367129,3
2025-03-13,73612.05012087931,73612.05012087931,74402.80908258884,1731.4982278399814,940.7392661304627,0.0,47320.66715074268,1632.938583280562,0.0,48953.605734023244,2807.9421258201714,6280.566268367129,6209.028400438236,3
2025-03-14,30837.707806961305,30837.707806961305,31558.862413646853,721.15460668555,0.0,0.0,12215.510363589,734.0474913457886,0.0,12949.557854934788,12065.182923229673,6209.028400438236,6637.852481371162,3
2025-03-15,30471.69770466709,30471.69770466709,31327.761717719735,856.0640130526435,0.0,0.0,12291.386817939236,891.2061883104556,0.0,13182.593006249692,7510.504580414961,6637.852481371162,6134.199562778937,3
2025-03-16,70477.98815859585,70477.98815859585,71221.64529992275,1928.1889574120773,1184.5318160851714,1.6400000000001,44569.78079497046,1688.4953791688013,8.081100000000493,46266.35727413926,3227.0351385012473,6134.199562778937,6765.49280739505,3
2025-03-17,65721.97270126763,65721.97270126763,63265.206557845915,2557.601263405624,5014.367406827341,0.0,39481.35037373163,1805.8643608158732,0.0,41287.2147345475,1415.3146050634145,6765.49280739505,6746.435907832235,3
2025-03-18,74218.97527415241,74218.97527415241,66804.57882472359,87.29864145433294,7501.695090883176,0.0,46577.87191917026,-2436.343784050465,0.0,44141.5281351198,1958.3216790653219,6746.435907832235,6442.877015311005,3
2025-03-19,61201.887763878825,61201.887763878825,66107.86862666439,4906.884390330273,0.9035275447054119,0.0,37888.19676782935,4392.765813309568,0.0,42280.96258113892,2300.6414705201114,6442.877015311005,6779.9673048905515,3
2025-03-20,69494.75564495484,69494.75564495484,66734.04094740807,873.7622556093768,3634.4769531561496,0.0,43737.48022989012,-78.43272697187945,0.0,43659.04750291824,688.39089377424,6779.9673048905515,6546.56670742731,3
2025-03-21,29673.898088362792,29673.898088362792,30239.00266027936,807.0390950173462,241.93452310077913,0.0,11739.621112184423,805.6858938248337,0.0,12545.307006009256,15001.387782199781,6546.56670742731,6467.059162091052,3
2025-03-22,31158.083185335105,31158.083185335105,31250.207732647817,236.56632880385249,144.44178149114117,0.0,12787.025517451928,252.0057996238303,0.0,13039.031317075758,11635.028054526196,6467.059162091052,6901.293035602519,3
2025-03-23,70645.54442093524,70645.54442093524,65548.60707279872,215.94620713547135,5312.883555271988,0.0,43413.69006395739,-1336.7697508828396,0.0,42076.920313074545,3250.960133632573,6901.293035602519,6451.564503002412,3
2025-03-24,66723.7791528058,66723.7791528058,64622.77571184986,1358.3843317867818,3459.387772742718,0.0,40852.68078066501,892.0806878733147,0.0,41744.76146853832,2376.5176505069576,6451.564503002412,6598.860118566319,3
2025-03-25,73312.00196732554,73312.00196732554,65973.34682887561,437.4883420560699,7776.143480506007,0.0,45356.15592452728,-1759.2033170719237,0.0,43596.95260745536,1283.9336680715273,6598.860118566319,6326.364971368039,3
2025-03-26,63380.002843052906,63380.002843052906,61562.85280011766,1788.1622740065645,3605.3123169418022,0.0,38853.75854574777,925.1798343984306,0.0,39778.9383801462,1826.1628625201072,6326.364971368039,6507.918372535854,3
2025-03-27,67094.30065897373,67094.30065897373,64346.066056503325,429.3082704133832,3177.5428728837933,0.0,40961.47503427092,-285.3517058633631,0.0,40676.12332840756,1601.5633127593787,6507.918372535854,6555.730215229309,3
2025-03-28,29689.665007212032,29689.665007212032,30008.410343979678,386.653087215602,67.90775044795828,0.0,11737.5281471731,405.3670610607832,0.0,12142.895208233882,16217.581041390838,6555.730215229309,6533.560721299134,3
2025-03-29,28830.893156725364,28830.893156725364,29759.496979478045,928.6038227526799,0.0,0.0,11076.904938546737,920.4214460159644,0.0,11997.3263845627,18897.51836749936,6533.560721299134,6520.5982312113265,3
2025-03-30,66057.53092080745,66057.53092080745,60033.891333461004,175.1988728035816,6198.838460150033,0.0,39056.704030425644,-1327.6882554332922,0.0,37729.01577499235,535.2301423559945,6520.5982312113265,6621.083416791849,3
2025-03-31,56951.147335336034,56951.147335336034,61969.974853584565,5093.429813599126,74.60229535059722,0.0,34816.87411888651,4011.0502058801535,0.0,38827.92432476666,1073.1394324359808,6621.083416791849,6595.348958276605,3
2025-04-01,70506.79254293957,70506.79254293957,66133.33604035462,797.0715450461746,5170.528047631134,0.0,43761.6141923971,-435.07204420863775,0.0,43326.54214818846,2474.8125627766526,6595.348958276605,6439.937021981871,3
2025-04-02,66592.00159389799,66592.00159389799,66853.32894660745,1679.9181528923418,1418.590800182873,0.0,40466.98728708419,1400.0052208846778,0.0,41866.99250796886,2622.082682368955,6439.937021981871,6271.647885264004,3
2025-04-03,68463.26670969071,68463.26670969071,62557.09191116457,85.37505628474025,5991.549854810881,0.0,42195.51268728316,-1625.88391566986,0.0,40569.6287716133,2711.8855847495493,6271.647885264004,6323.016744352004,3
2025-04-04,28324.905372089,28324.905372089,28427.34097644807,120.21080692426159,17.775202565189204,0.0,10916.053702612127,111.78160946418878,0.0,11027.835312076317,18892.318884226668,6323.016744352004,6340.291522368893,3
2025-04-05,28164.28096794353,28164.28096794353,28690.023014682818,525.7420467392886,0.0,0.0,10998.692475694577,563.1469828849499,0.0,11561.839458579527,13451.60927711996,6340.291522368893,6305.693887078184,3
2025-04-06,64943.66715621668,64943.66715621668,60147.792197516275,691.7936837519644,5487.6686424523705,14.255753549225801,38732.91989911613,-409.21865546598394,58.682301509207534,38382.383545159355,1983.9088016456058,6305.693887078184,6134.81845172112,3
2025-04-07,56827.633554660606,56827.633554660606,58627.50254720608,2485.775130582557,685.9061380370732,0.0,33776.08331887047,2322.6469960865065,0.0,36098.73031495698,1470.0171436883859,6134.81845172112,6148.630613246637,3
2025-04-08,66356.0102086766,66356.0102086766,59944.58425743434,60.22136184774649,6471.647313090001,32.62617546252384,39735.872989517826,-1732.0305429793057,153.86504348126243,38157.70749001978,1677.0740833829548,6148.630613246637,6023.288860405695,3
2025-04-09,64011.147531960996,64011.147531960996,65281.27706242633,2020.7840194563887,750.6544889910589,0.0,38636.37895164482,1410.2315603830893,0.0,40046.61051202791,1994.101025830419,6023.288860405695,6087.9552151214675,3
2025-04-10,62529.62555780298,62529.62555780298,61315.41253290487,1586.7330258675545,2800.9460507656645,0.0,37967.22904947402,-4.754493337132203,0.0,37962.47455613689,2582.3288860652656,6087.9552151214675,6302.653465723171,3
2025-04-11,26978.05060912582,26978.05060912582,27455.20684873139,477.9410615046753,0.7848218991057365,0.0,10434.391682190388,509.64346978767225,0.0,10944.03515197806,19090.22738679747,6302.653465723171,6190.494840538186,3
2025-04-12,28937.655891855633,28937.655891855633,28202.003819089543,15.899686825216861,751.551759591306,0.0,11245.64370343057,-199.22963563926692,0.0,11046.414067791304,15853.686707592073,6190.494840538186,6397.553800927281,3
2025-04-13,59260.53831823885,59260.53831823885,59154.886959032505,341.4852403946169,447.13659960095333,0.0,35491.193195362255,427.20859798128805,0.0,35918.401793343546,1119.913746531339,6397.553800927281,6241.025309770773,3
2025-04-14,62709.392079484576,62709.392079484576,56499.19228454903,644.6971122809131,6854.896907216458,58.756161149735476,37552.23849733404,-1053.9152091160672,376.6849370385502,36875.008225256526,277.93884674987044,6241.025309770773,6221.329975105136,3
2025-04-15,54754.81108477597,54754.81108477597,56090.106009132185,1768.1795283245183,432.88460396830516,16.390724229534023,32446.375169479885,1745.5587792162046,78.8397553133314,34270.77370400942,2248.177793517648,6221.329975105136,6169.031559522966,3
2025-04-16,61741.893285223385,61741.893285223385,61690.47861959982,1194.2584106525271,1245.6730762761001,0.0,36752.345398551945,1209.3921620233195,0.0,37961.73756057526,1920.6995810503652,6169.031559522966,6355.165089720473,3
2025-04-17,54873.68565260738,54873.68565260738,57933.496646222906,3174.7641335046874,114.95313988915996,0.0,33319.79356644056,2179.0855935154245,0.0,35498.879159955985,1138.9832940854326,6355.165089720473,6320.048359259767,3
2025-04-18,27420.032881861513,27420.032881861513,27317.069671279503,11.096972524163796,114.06018310617415,0.0,10441.969948626613,-31.655007827591103,0.0,10410.314940799022,17767.70368046875,6320.048359259767,6446.586307411048,3
2025-04-19,26917.212152498716,26917.212152498716,27591.28601950349,678.7077898595701,4.633922854793354,0.0,10193.117363200297,599.671987954633,0.0,10792.78935115493,17608.966292081048,6446.586307411048,6325.428875901045,3
2025-04-20,56272.024998515444,56272.024998515444,57979.24976847504,2015.6640018990634,308.4392319394655,0.0,33752.53323814497,1745.6823389833514,0.0,35498.21557712832,1803.600910403412,6325.428875901045,6565.651219278912,3
2025-04-21,60308.36403315612,60308.36403315612,54383.57196334329,100.53230377521,6025.3243735880405,0.0,35356.10654582882,-1352.4455641353156,0.0,34003.66098169351,2530.1420004285415,6565.651219278912,6239.378676643398,3
2025-04-22,54017.6975034222,54017.6975034222,57292.272192503005,3274.574689080813,0.0,0.0,32361.42280627051,3099.6065596333683,0.0,35461.02936590388,1214.9025050985338,6239.378676643398,6361.396066638386,3
2025-04-23,51886.632044096754,51886.632044096754,56701.5752400762,4816.343386451725,1.4001904722792915,0.0,31474.493349537996,4223.612559317242,0.0,35698.105908855236,1611.9755181016758,6361.396066638386,6482.417026247082,3
2025-04-24,53519.664694106665,53519.664694106665,53512.14748759935,862.9476744790318,870.4648809863493,0.0,32065.19416018702,964.8940513350526,0.0,33030.088211522074,3038.517712707786,6482.417026247082,6252.7235924105735,3
2025-04-25,26822.784408405016,26822.784408405016,26110.059831669987,0.0,712.7245767350284,0.0,10171.188897463999,-225.00233069896493,0.0,9946.186566765035,21133.142644903804,6252.7235924105735,6026.0347789406405,3
2025-04-26,26809.05105033055,26809.05105033055,26836.01326245872,123.31470318189633,96.35249105372253,0.0,10388.690237225579,74.68459119678852,0.0,10463.374828422368,23639.19928132549,6026.0347789406405,6022.10494256478,3
2025-04-27,53328.59289411408,53328.59289411408,53953.74465567067,1469.0810699561011,843.929308399503,2.986681404279693,31606.86746762028,1661.899684149026,19.59412335277693,33288.36127512208,1496.4401382269143,6022.10494256478,6128.267959836572,3
2025-04-28,65973.7130204353,65973.7130204353,63652.534197404544,646.366480691746,2967.545303722506,0.0,39491.9362580015,-311.68869978346333,0.0,39180.247558218034,2874.9615865554006,6128.267959836572,6345.4265740833,3
2025-04-29,54753.913290824334,54753.913290824334,54271.30751079673,852.1204342202518,1334.7262142478528,3.985589990374365,32329.355867063838,853.1658252105517,26.376634556297546,33208.898326830684,3386.3293902491746,6345.4265740833,6368.532483554278,3
2025-04-30,51922.407811873956,51922.407811873956,51941.84115831092,192.65844826484027,173.22510182787767,37.27206992066201,31031.5134528423,26.599706823617147,172.63728102400566,31230.750440689924,497.9813276824358,6368.532483554278,6096.508411943823,3
2025-05-01,55140.923023154915,55140.923023154915,55168.103099314205,1873.803870847723,1846.6237946884376,1269.921361725017,33821.32154551617,1926.7718936180622,7832.764175955635,43580.857615089866,2515.365138310478,6096.508411943823,5294.8293072675415,3
2025-05-02,29039.45883977381,29039.45883977381,29187.371656443145,367.4234493753772,219.51063270604664,876.7128341876878,11922.529346118328,450.66248662436374,4548.10715392219,16921.298986664882,12418.139581643423,5294.8293072675415,5603.804301446187,3
2025-05-03,28018.069545587772,28018.069545587772,28164.722112393283,262.9061718276385,116.2536050221255,1267.362445029506,11064.761906963602,305.4240689158197,6350.737924467332,17720.923900346752,17275.322512848554,5603.804301446187,5824.085924318559,3
2025-05-04,59756.62123158974,59756.62123158974,54751.265390169414,886.4518830249452,5891.807724445265,1229.7581079590507,36079.58814412414,76.81238228847394,7068.430408096787,43224.8309345094,883.5723961080907,5824.085924318559,5721.260869397397,3
2025-05-05,61795.89901207373,61795.89901207373,58829.6801750619,702.2353023268054,3668.454139338636,926.9156947184634,37784.18714229557,82.28529987869798,5916.838834682963,43783.31127685723,909.7350797500492,5721.260869397397,5678.838500885529,3
2025-05-06,52541.93840785914,52541.93840785914,57682.9711404455,5442.71668602541,301.68395343904524,881.4481244227803,32668.09792280819,5474.5507160929,5338.109882677403,43480.75852157849,2229.542866158687,5678.838500885529,5425.809360873388,3
2025-05-07,57009.00451822099,57009.00451822099,59911.012584800264,2902.0080665792775,0.0,823.3334706236194,35561.58358996456,2500.5774368298157,5337.4000503771795,43399.56107717156,1504.1000261047798,5425.809360873388,5712.4637065604165,3
2025-05-08,65590.7902849713,65590.7902849713,61502.97443559271,420.559578580018,4508.375427958619,0.0,39964.33115412676,-455.3097921220141,0.0,39509.02136200475,1289.2210234417828,5712.4637065604165,6392.362347949798,3
2025-05-09,29064.655996709527,29064.655996709527,29163.414693921713,263.728917409662,164.9702201974763,0.0,12105.800117821018,258.1595950191916,0.0,12363.95971284021,17239.740184265786,6392.362347949798,6532.839880230749,3
2025-05-10,28602.786456282876,28602.786456282876,28899.479620681144,428.1403317369322,131.44716733866358,0.0,12211.020165351525,314.5089377883827,0.0,12525.529103139908,13876.254854278499,6532.839880230749,6229.765616552023,3
2025-05-11,62913.40368963184,62913.40368963184,60069.40320837351,647.2985492360224,3491.299030494363,204.29380650346934,38362.7932972104,86.61918608836686,1393.1115699078898,39842.52405320666,1190.0309791542365,6229.765616552023,6252.77922829152,3
2025-05-12,55112.527610960955,55112.527610960955,57292.201843894276,3357.034792602134,1177.360559668812,0.0,34438.94750901214,3053.834698121274,0.0,37492.782207133416,1733.9624715388366,6252.77922829152,6577.9634568787715,3
2025-05-13,65283.04789760273,65283.04789760273,59273.009462430506,800.4032539384724,6810.441689110695,0.0,39242.09505218676,-797.8537934307313,0.0,38444.24125875603,2488.9117553111464,6577.9634568787715,6733.976436318409,3
2025-05-14,62770.32313466928,62770.32313466928,57792.85846298007,544.5353433742632,5522.000015063462,0.0,38733.060396669556,-1288.864719406608,0.0,37444.19567726295,1370.6550937665206,6733.976436318409,6582.990566453348,3
2025-05-15,61421.119448011064,61421.119448011064,58783.181303327685,824.3087081702287,3462.2468528536187,0.0,39408.8046266647,-815.8269657185263,0.0,38592.97766094618,1550.607071539779,6582.990566453348,7371.986346476926,3
2025-05-16,28192.356524031933,28192.356524031933,27165.83412844443,0.0,1026.5223955875058,0.0,12360.135221565703,-386.237214914536,0.0,11973.898006651167,22158.662543149167,7371.986346476926,6549.838516191949,3
2025-05-17,29184.508459189296,29184.508459189296,28854.219182893285,76.48306895829589,406.77234525430697,0.0,12728.134407513222,-28.883819506585354,0.0,12699.250588006636,14998.567134865238,6549.838516191949,6834.057066463606,3
2025-05-18,66317.09428660994,66317.09428660994,60379.63575205907,103.77198759400267,6041.230522144864,0.0,40706.53179824656,-1496.820444067426,0.0,39209.71135417913,2872.021689271861,6834.057066463606,7259.05305674346,3
2025-05-19,58579.92382179526,58579.92382179526,56283.19071990358,380.48168788734233,2677.214789779029,79.23650000000009,35934.89309469325,-75.73020969411814,550.829460833334,36409.99234583246,6097.136532651248,7259.05305674346,6802.787882202771,3
2025-05-20,58828.812107953374,58828.812107953374,59075.62214368632,1224.6094025141356,977.7993667811875,0.0,36235.70536805723,831.2213102983847,0.0,37066.926678355616,1297.617959483224,6802.787882202771,6594.536747661216,3
2025-05-21,54898.366195235285,54898.366195235285,57139.9576324018,2820.392147340794,578.8007101742867,0.0,34986.05411688077,2176.448069572618,0.0,37162.502186453385,2383.836222211313,6594.536747661216,6711.135061363958,3
2025-05-22,56898.40070393701,56898.40070393701,56297.734958343375,0.0,600.6657455936348,0.0,35851.55412323339,-281.7944288140993,0.0,35569.75969441929,1915.8028109846114,6711.135061363958,6874.950806121888,3
2025-05-23,28323.10587861972,28323.10587861972,29467.582300257578,1144.4764216378599,0.0,0.0,11880.812480750275,1111.067175522592,0.0,12991.879656272868,19205.455994714484,6874.950806121888,7455.666193117852,3
2025-05-24,28784.446871765558,28784.446871765558,28189.563600483045,0.0,594.883271282512,0.0,12665.599111528,-235.67915150376496,0.0,12429.919960024234,21282.557793242544,7455.666193117852,7253.992068747707,3
2025-05-25,59179.675872608204,59179.675872608204,56779.79919918963,307.608298133236,2707.484971551808,0.0,36403.056315118825,-229.8314114131319,0.0,36173.22490370569,5482.559510114247,7253.992068747707,6894.144114780033,3
2025-05-26,56808.05726087396,56808.05726087396,59865.551850235526,3305.5280221969147,248.03343283535588,0.0,35439.87544714911,2680.2703885262454,0.0,38120.14583567536,1637.6366862574318,6894.144114780033,6973.288960894627,3
2025-05-27,53877.26492270033,53877.26492270033,56042.97606949574,2285.3530117116647,119.64186491625696,0.0,34235.04067010217,1413.5342594203805,0.0,35648.574929522554,3390.0239824424525,6973.288960894627,6917.055080891885,3
2025-05-28,62467.890036685145,62467.890036685145,58678.22819278609,551.36912358081,4341.030967479865,0.0,38388.48832294253,-380.48331335765727,0.0,38008.00500958488,2620.6491566943782,6917.055080891885,7286.0113473670135,3
2025-05-29,59828.803072302384,59828.803072302384,60434.370930739606,2122.4679881809698,1516.9001297437412,17.817433333333497,37099.76070457517,1640.3193597162294,119.80442173333444,38859.88448602474,3239.370123835052,7286.0113473670135,6850.437388497829,3
2025-05-30,28898.422066444247,28898.422066444247,29018.275174990762,166.43016086740974,46.577052320893046,0.0,12724.973735326565,141.943254878922,0.0,12866.916990205487,18531.3378455743,6850.437388497829,7499.612628085182,3
2025-05-31,30534.09039553549,30534.09039553549,29121.207492526428,5.067807462683845,1417.950710471749,0.0,13005.446690333163,-404.96819053874697,0.0,12600.478499794415,17534.197360901526,7499.612628085182,7360.24271154956,3
2025-06-01,76062.15109530496,76062.15109530496,73585.07792346289,4967.245063370054,7444.318235212141,595.3863875294652,52318.15663273241,4436.57742923059,3843.67955660974,60598.41361857274,1762.2268075661236,7360.24271154956,4783.8387340557765,3
2025-06-02,80016.21983111512,80016.21983111512,73196.24302629856,2546.4276548793473,9366.404459695921,332.3032644462808,53539.14241303847,1354.5804910648378,1862.5399763820146,56756.26288048532,406.59052848538806,4783.8387340557765,5158.416649657857,3
2025-06-03,73318.64341768529,73318.64341768529,74756.84347205558,5384.861416404927,3946.6613620346334,374.6644534433147,48366.320623344785,6721.8352198960765,2309.823447052303,57397.979290293166,3107.415105715924,5158.416649657857,5321.499464533313,3
2025-06-04,83258.40162664402,83258.40162664402,74337.90964168828,1196.563729144691,10117.055714100428,347.52534744934275,56405.89890632011,-1359.7685005670053,2239.4866622844193,57285.61706803752,1235.6150660525689,5321.499464533313,5224.140928504246,3
2025-06-05,72070.73735878554,72070.73735878554,75271.48518280244,7329.891103020338,4129.14327900345,557.0742864405884,47914.86131399684,8833.991652423803,3351.4640615904736,60100.317028011115,989.5343721964648,5224.140928504246,5040.234146082621,3
2025-06-06,34029.35081275151,34029.35081275151,36184.940478447796,3040.457432007792,884.8677663115088,746.6075387454108,16867.028887048167,3927.982432105596,3573.7181022572013,24368.729421410964,2798.477247713638,5040.234146082621,5255.821612955644,3
2025-06-07,38431.71164327065,38431.71164327065,35749.365918734155,2507.7965962572234,5190.1423207937205,234.1574460147619,18050.100460471956,2238.810537898208,1498.1393396024466,21787.05033797261,1193.2611088678016,5255.821612955644,5505.919989354183,3
2025-06-08,72875.89070187407,72875.89070187407,68330.5789081282,1376.5260111136222,5921.837804859493,15.176577239935227,49203.78840146969,-190.73578025012466,104.18720275215534,49117.23982397172,1210.9823900231938,5505.919989354183,4096.8701698274035,3
2025-06-09,83333.52477284135,83333.52477284135,77035.03342847753,30.63095469760549,6329.122299061424,36.8923176876973,58045.509526991555,-2306.221495285116,259.5951769889552,55998.8832086954,1989.4016726445923,4096.8701698274035,4169.797685270205,3
2025-06-10,77159.81319753546,77159.81319753546,78265.39688696143,2057.863585009756,952.2798955837741,11.61803825700224,52758.10534867942,2121.191521829245,79.55550023402935,54958.852370742694,2628.0776958501588,4169.797685270205,4014.339888955646,3
2025-06-11,82405.97486589238,82405.97486589238,82138.1522229831,857.5641178142205,1125.386760723472,122.80926358654537,57652.72296451956,563.2923882666491,639.3082710256695,58855.323623811884,2410.122459574766,4014.339888955646,3535.801688318451,3
2025-06-12,80504.13096613745,80504.13096613745,78115.21257695428,6.26939568076466,2395.1877848639456,0.0,55808.24313774229,-985.6670835779585,0.0,54822.57605416433,1996.2537154252545,3535.801688318451,3049.7126434843544,3
2025-06-13,40527.15573971985,40527.15573971985,39903.60202881965,35.15068692335291,658.7043978235452,0.0,20039.84451815154,-158.97082602900093,0.0,19880.87369212254,4875.051399998202,3049.7126434843544,6704.811169569852,3
2025-06-14,37063.950120182024,37063.950120182024,35803.02405261657,81.29187843785053,1342.2179460033005,0.0,19673.349940124885,-323.63615393403285,0.0,19349.713786190852,6247.285588257146,6704.811169569852,6670.297333972557,3
2025-06-15,72413.17304548193,72413.17304548193,74453.07154808621,2733.4629809867197,693.5644783824428,0.49532414961197446,50838.350518969746,2612.3256302828518,3.348143589302142,53454.0242928419,3282.454514693432,6670.297333972557,3494.5357604769783,3
2025-06-16,79686.61853762071,79686.61853762071,79270.79609143926,44.8038845070588,460.6263306885095,159.51519935966863,55762.919950604664,-209.71453450161292,803.6255548875754,56356.83097099063,2655.0993434387174,3494.5357604769783,3462.8437775304455,3
2025-06-17,82201.46044247597,82201.46044247597,81963.67315343372,953.9261565995557,1191.7134456418241,13.326415209903416,57448.63628332138,330.5499038196875,96.67647914024434,57875.86266628131,2880.134610247475,3462.8437775304455,3707.8491177695605,3
2025-06-18,82333.69806621522,82333.69806621522,78519.33780403975,0.0,3814.360262175474,16.21581698123589,57386.82647124656,-1768.7443489419757,109.48937653047231,55727.57149883506,4229.944016715316,3707.8491177695605,3249.836321021076,3
2025-06-19,79443.82959139023,79443.82959139023,78202.33621205196,4529.463032719053,5770.956412057309,118.74740522683078,53243.809695449876,3561.150092930595,724.8469874471969,57529.80677582767,4510.991512173996,3249.836321021076,4637.388125458499,3
2025-06-20,39292.709779191166,39292.709779191166,37892.655321496655,0.0,1400.0544576945097,0.0,20316.562016439388,-565.4899954595279,0.0,19751.07202097986,10143.764115113438,4637.388125458499,7087.535449569704,3
2025-06-21,37343.08674061587,37343.08674061587,36650.79278568564,0.0,692.293954930238,0.0,18936.63061206024,-256.45804007528886,0.0,18680.17257198495,13424.624200207825,7087.535449569704,7613.593984150188,3
2025-06-22,69577.85699459579,69577.85699459579,69075.0730876577,2618.528154128783,3121.3120610668648,1.925910251633013,48367.243422590094,2087.2739704573933,13.419742633378835,50467.93713568086,3276.824215502158,7613.593984150188,2618.897513168743,3
2025-06-23,76595.81968265353,76595.81968265353,73165.6876864589,0.0,3430.131996194623,1.1938059833892112,52306.01841078092,-1435.6099570227693,8.216369680676246,50878.624823438826,2343.220426921103,2618.897513168743,2366.3589579474447,3
2025-06-24,88734.57025833506,88734.57025833506,84867.25006508126,0.0,3867.320193253809,0.0,62898.56184516143,-1700.5120442920845,0.0,61198.04980086935,2922.2464053720623,2366.3589579474447,3648.5667428647807,3
2025-06-25,77834.78619093195,77834.78619093195,77627.29624406064,2328.659906372365,2536.149853243685,0.0,52631.13872349015,1720.5940442128046,0.0,54351.73276770295,3758.038588110824,3648.5667428647807,3220.9598562158153,3
2025-06-26,76224.97935436158,76224.97935436158,75540.61131266228,616.9927909210903,1301.3608326203748,36.693372035268,51099.394574855396,239.50352441862813,256.72883917721543,51595.62693845124,3818.485214587746,3220.9598562158153,3669.661388551854,3
2025-06-27,41057.49182411627,41057.49182411627,38148.35149763551,0.0,2909.1403264807623,0.0,20094.935329360665,-984.9121095033197,0.0,19110.023219857347,12126.448144698852,3669.661388551854,6968.417104226224,3
2025-06-28,36960.793634377995,36960.793634377995,35908.883271125465,0.0,1051.9103632525262,0.0,18609.66609739972,-429.4708583948443,0.0,18180.195239004875,10776.977815137176,6968.417104226224,7034.464531680181,3
2025-06-29,69364.13227832911,69364.13227832911,72504.73544403873,4440.909889884182,1300.306724174564,0.0,47778.60523343657,4970.212897060726,0.0,52748.8181304973,3256.451173528596,7034.464531680181,3554.952982744748,3
2025-06-30,78535.59011680196,78535.59011680196,75469.34862266047,55.96421243340899,3122.2057065749,63.45390159697308,53485.32170772157,-1225.4105720678945,450.6292102012094,52710.54034585488,3201.470022492364,3554.952982744748,2270.1012783050232,3
2025-07-01,70117.48660476034,70117.48660476034,83945.57728683393,15716.7363376007,1888.6456555271302,120.34586292247037,51415.33132251866,20193.61110312526,514.5788275500752,72123.52125319399,2041.6120874671174,2270.1012783050232,1687.888268765542,3
2025-07-02,67464.41340002965,67464.41340002965,78348.34807130735,11956.923887537567,1072.989216259854,1027.546535844836,50319.037671374,14050.448642104964,3425.25643571906,67794.74274919802,3046.0738296744294,1687.888268765542,1635.7573018849587,3
2025-07-03,78203.88772355097,78203.88772355097,87988.42738516573,12573.150314796363,2788.610653181604,1152.3732732609938,57790.212184085634,16686.311431560374,4032.763183115947,78509.28679876195,4847.602200032819,1635.7573018849587,2288.393511726958,3
2025-07-04,37886.61361494071,37886.61361494071,43104.61240727873,5217.998792338018,0.0,2376.4968063097904,20742.251760384162,6984.284125164039,5369.120506176136,33095.65639172433,10596.82630599102,2288.393511726958,5297.377440285923,3
2025-07-05,36560.61830989024,36560.61830989024,41961.82716361145,5401.208853721219,0.0,1769.5913607248385,19761.11468873142,7059.9159649463345,3830.028762738525,30651.059416416283,11110.574531442724,5297.377440285923,5773.168268631706,3
2025-07-06,67989.0294982441,67989.0294982441,83216.30194161412,16309.3086173487,1082.0361739786715,148.30022300523598,52088.0405937906,20607.679422436617,1205.7088749883926,73901.42889121562,3714.409098962223,5773.168268631706,1861.615084303026,3
2025-07-07,72258.39945055936,72258.39945055936,80887.11472930448,9425.379377070269,796.6640983251563,259.35134355395985,53288.836080902605,12330.023038719382,1061.8891297419093,66680.7482493639,4696.59756581286,1861.615084303026,1404.2095290696586,3
2025-07-08,88384.10123735978,88384.10123735978,82536.02713874653,596.1645854742826,6444.238684087539,56.034519286392765,65363.116042682974,-1157.6707292493884,478.1365430936456,64683.58185652723,2403.4751074802116,1404.2095290696586,1975.4737167471444,3
2025-07-09,87913.11396423524,87913.11396423524,80554.83063433695,426.10898057295185,7784.392310471235,26.243248647377072,64525.1196135638,-1823.234391669756,228.52620922135955,62930.411431115404,2602.2442948953676,1975.4737167471444,2120.2423440866623,3
2025-07-10,80809.56535210258,80809.56535210258,77927.78356714545,1.4548360586420586,2883.2366210157725,64.03748308321167,60636.20667708263,-1018.8417583405478,552.535558382923,60169.900477125004,1291.323685902925,2120.2423440866623,1959.183360697445,3
2025-07-11,50048.13426580834,50048.13426580834,48216.14581104035,0.0,1831.9884547679944,0.0,28933.10530046525,-671.325254132646,0.0,28261.780046332602,7762.504324840781,1959.183360697445,6739.321873224449,3
2025-07-12,44156.881854195424,44156.881854195424,44789.66506601598,881.6387522145109,248.8555403939513,0.0,25377.264798945125,789.9281626886767,0.0,26167.192961633802,10482.31196882554,6739.321873224449,6445.153029810415,3
2025-07-13,82001.32227033364,82001.32227033364,70050.69802435448,315.7366381715758,12266.360884150732,20.15514696617265,61310.770397371,-3641.4929801200724,173.59162140875267,57842.869038659686,2271.4929208668354,6445.153029810415,1687.6690331531704,3
2025-07-14,82988.97989660024,82988.97989660024,77842.95716529324,419.9363343665545,5565.959065673549,5.144861090527684,59974.723859707956,-734.3020757541185,43.303764342863644,59283.7255482967,2108.0276280715857,1687.6690331531704,1923.7748724325934,3
2025-07-15,89287.4283387174,89287.4283387174,79330.99009768301,225.6454385090708,10182.083679543473,0.0,65681.4649921905,-3048.271662568838,0.0,62633.19332962165,2168.8274147440598,1923.7748724325934,2596.6234395615866,3
2025-07-16,84665.40829840601,84665.40829840601,78353.0843103361,0.0,6312.323988069913,91.697169375989,63804.23257274328,-2472.974208796722,768.7257164349394,62099.9840803815,2695.1884763385906,2596.6234395615866,2568.9463367296066,3
2025-07-17,83766.8836645342,83766.8836645342,80065.12160313965,112.96868231826454,3814.7307437128093,0.0,62021.1679236611,-1225.7481213031158,0.0,60795.41980235799,2754.0920196378806,2568.9463367296066,3100.444659223706,3
2025-07-18,51190.414044005855,51190.414044005855,46478.778572661715,0.0,4711.635471344131,0.0,29245.047024025695,-1638.400536307298,0.0,27606.646487718397,9324.958420881994,3100.444659223706,6093.620296717941,3
2025-07-19,49734.18157361336,49734.18157361336,45053.76518780663,0.0,4680.416385806725,0.0,28821.140477232017,-1667.6073216629532,0.0,27153.533155569065,14286.423520400938,6093.620296717941,6438.983575178621,3
2025-07-20,84323.81000800061,84323.81000800061,75515.7221755407,0.0,8808.087832459896,8.429051955570912,62512.57933684375,-3237.4610315148348,71.72280308995289,59346.84110841886,4123.395545041776,6438.983575178621,2444.893311675732,3
2025-07-21,90118.00280077316,90118.00280077316,82330.27373719902,0.0,7787.729063574135,19.367105098213187,67609.98853616774,-3119.6330475665363,167.69007949287888,64658.04556809409,4446.686921932702,2444.893311675732,2494.588716637962,3
2025-07-22,86000.88171057188,86000.88171057188,82972.66245662655,1030.3177462300887,4058.5370001754045,27.48325452547192,63907.67917952035,-1101.3673966234223,234.11389698237616,63040.42567987931,5668.3329844453265,2494.588716637962,2241.4281559386764,3
2025-07-23,96754.53280817338,96754.53280817338,81821.97365062099,0.0,14932.559157552387,60.263131659332885,71836.0440943004,-5784.759629833059,509.9238690221514,66561.2083334895,3537.0227265591884,2241.4281559386764,2310.3818452812475,3
2025-07-24,95982.43096870392,95982.43096870392,82479.80673905255,0.0,13502.624229651363,0.0,71900.47297789401,-5310.010670906664,0.0,66590.46230698735,3708.1014317774634,2310.3818452812475,3636.3702334591503,3
2025-07-25,45294.70938535743,45294.70938535743,42797.00829706954,0.0,2497.7010882879013,0.0,26269.736875911854,-1078.1022141043215,0.0,25191.634661807533,13276.00357859015,3636.3702334591503,3773.927984830036,3
2025-07-26,49601.55506227137,49601.55506227137,47082.377783802294,0.0,2519.177278469082,0.0,28173.804241947477,-1008.853155901852,0.0,27164.951086045625,12370.534031238654,3773.927984830036,6666.4326341601845,3
2025-07-27,81933.92355988234,81933.92355988234,75744.20226615306,91.07270825423711,6280.79400198351,14.811001626096868,61157.1180150059,-2199.1745343789757,124.25689814213968,59082.20037876907,2598.8192153777186,6666.4326341601845,2546.3093987909933,3
2025-07-28,89056.09717221944,89056.09717221944,84675.70403492381,0.0,4380.393137295625,0.0,66239.46431567614,-2026.9664647640643,0.0,64212.49785091208,2879.60137149828,2546.3093987909933,2339.2618844866133,3
2025-07-29,86613.7744099158,86613.7744099158,84393.51532840761,0.0,2220.2590815081912,82.22791332410759,64158.58749637086,-1241.8676328419633,714.7694073143792,63631.48927084328,4457.782779086828,2339.2618844866133,2405.1525616950803,3
2025-07-30,79033.79196603928,79033.79196603928,81891.03642278773,3946.908522068066,1089.664065319636,0.0,59567.74663154913,3556.8031958512256,0.0,63124.54982740036,3705.7787103622964,2405.1525616950803,2600.7418624056845,3
2025-07-31,83096.60388802378,83096.60388802378,81497.58267202476,0.0,1599.0212159990092,39.59535166574415,60746.587491327475,-740.1356745431337,328.8161702383068,60335.26798702265,2441.429446971978,2600.7418624056845,2770.321419326616,3
2025-08-01,43251.85107692659,43251.85107692659,41130.36626915213,0.0,2121.4848077744637,0.0,24947.420646732106,-794.625915791247,0.0,24152.79473094086,16742.149924737118,2770.321419326616,3302.4328665311577,3
2025-08-02,48633.45888947512,48633.45888947512,45642.52632542838,0.0,2990.9325640467496,0.0,26848.37946739406,-1082.0459410529015,0.0,25766.33352634116,18321.53622672135,3302.4328665311577,6414.030191940769,3
2025-08-03,65176.27410351023,65176.27410351023,62429.998083347535,0.0,2746.276020162698,203.48254442279006,49017.68493954731,-817.5880834919029,1097.4266128634906,49297.5234689189,1456.8274778612595,6414.030191940769,1573.7207406522725,3
2025-08-04,74867.947054366,74867.947054366,71753.77825990086,447.46454109731167,3561.6333355624574,9.619703147298765,55545.28059755282,-509.05045479389054,77.61657484398009,55113.84671760291,2266.057145720949,1573.7207406522725,2116.6101849364227,3
2025-08-05,72259.80299036365,72259.80299036365,70636.35957669161,569.9537340928803,2193.3971477649015,28.7137825315682,53487.27797327811,-558.6481777340978,237.66623349466937,53166.29602903868,2329.8908603285377,2116.6101849364227,1768.8827101399506,3
2025-08-06,80271.72447917235,80271.72447917235,74340.1250798881,0.0,5931.59939928426,5.840273736010431,60734.92212305353,-2632.178747353199,49.08458061429967,58151.82795631463,2792.346829031626,1768.8827101399506,1588.716723212882,3
2025-08-07,82661.81610538735,82661.81610538735,72918.39679675123,817.1635658471736,10560.582874483298,16.811921097175627,58046.80885306526,-1451.7079197151131,146.4486446774969,56741.54957802765,4892.74168517538,1588.716723212882,2516.573616574491,3
2025-08-08,45265.68289032035,45265.68289032035,44614.926432124485,0.0,650.7564581958627,0.0,24633.00607105148,-276.00967155549597,0.0,24356.996399495983,22111.081684840152,2516.573616574491,6280.285123112972,3
2025-08-09,41889.54539670636,41889.54539670636,41167.04373347003,0.0,722.5016632363249,0.0,23503.579553015603,-322.8571171508456,0.0,23180.722435864758,18820.522285049596,6280.285123112972,6207.934934669913,3
2025-08-10,69791.37372382563,69791.37372382563,64569.48575061661,1.5556037157059563,5223.443576924728,21.69460353732893,53191.33749464125,-1699.549422820837,181.23326979248918,51673.021341612905,494.05342495210857,6207.934934669913,2037.5730299238562,3
2025-08-11,72912.50864806076,72912.50864806076,71933.99991732772,1146.9954120520638,2125.5041427850856,161.69065525563872,51856.12392978046,940.8026167708643,1354.1802588914748,54151.106805442796,4310.990221186877,2037.5730299238562,1575.2848470726033,3
2025-08-12,78501.0296387482,78501.0296387482,74126.85308940323,973.1726332012784,5347.349182546236,57.62186552664684,56454.81485265052,169.13541045803356,465.38026528587886,57089.33052839443,2587.8693919185243,1575.2848470726033,1887.1873721953762,3
2025-08-13,70801.62517299943,70801.62517299943,71893.6500432937,2317.9507920011392,1225.9259217068654,95.1979864257163,51282.36534901282,2264.1564035148904,790.0352452450709,54336.55699777278,2084.2695578014377,1887.1873721953762,2169.5422279591144,3
2025-08-14,73024.68524672286,73024.68524672286,72289.77986210951,1960.4974576928996,2695.4028423062387,92.20896502462222,53491.60623582681,483.39583787216645,786.5383913985941,54761.54046509757,2292.329362414558,2169.5422279591144,2433.01543651876,3
2025-08-15,42588.03347254748,42588.03347254748,41024.34040671897,0.0,1563.6930658285096,0.0,23900.906003623517,-599.5286204575459,0.0,23301.37738316597,19759.49333623521,2433.01543651876,3688.446766381702,3
2025-08-16,44734.81774665751,44734.81774665751,41835.76429983188,105.2947573865504,3004.3482042121777,0.0,25183.44134125291,-855.7433190203456,0.0,24327.698022232566,19940.83590123959,3688.446766381702,5284.258053321162,3
2025-08-17,72225.26581343185,72225.26581343185,66800.43808563368,410.4895531721054,5835.31728097027,116.87478679137132,51961.53696429105,-680.7892815339621,973.3411463955788,52254.088829152664,3927.366084087429,5284.258053321162,1806.925926712299,3
2025-08-18,73224.45807869638,73224.45807869638,71452.40077319107,497.8488701585082,2269.9061756638202,182.98655446203543,53634.42373614121,-361.1138784541962,1547.921218615101,54821.23107630211,3159.6857932367484,1806.925926712299,2080.6327089413644,3
2025-08-19,71552.8857547119,71552.8857547119,69208.36246822399,55.11509472113306,2399.6383812090326,97.24215696733665,52627.346741604124,-543.2306293859203,819.7737762981051,52903.88988851631,1961.4726099873653,2080.6327089413644,1631.3565066787144,3
2025-08-20,80998.30058971119,80998.30058971119,75244.43473309843,1291.2108407116257,7045.0766973243735,170.80865505763336,58102.463788588015,313.4162159310589,1425.1167271557797,59840.99673167485,766.8742776118827,1631.3565066787144,1602.9034713307128,3
2025-08-21,77564.41122572462,77564.41122572462,71680.44576223922,118.09426767662018,6002.059731162003,10.046503864478154,55435.18723170299,-1433.156196699759,83.53762203092516,54085.56865703416,1457.6006142736742,1602.9034713307128,2372.098237711694,3
2025-08-22,43080.76576538995,43080.76576538995,42404.56666085149,265.12449055529646,941.3235950937618,28.224818023704255,24010.094437002248,41.628051772683264,130.91306067801924,24182.635549452953,16174.161575133861,2372.098237711694,4427.387176870343,3
2025-08-23,42154.729937491,42154.729937491,43104.261043500286,955.2750363757783,5.743930366491668,0.0,22727.65068765566,1151.6010018503994,0.0,23879.251689506058,15589.985070594863,4427.387176870343,6321.177757022149,3
2025-08-24,66510.00363664154,66510.00363664154,65047.9356935172,474.8421091234913,1936.9100522478434,0.0,51038.34566210395,217.8288919944947,0.0,51256.17455409845,2289.293808241619,6321.177757022149,2075.0623501079294,3
2025-08-25,93494.21065535722,93494.21065535722,76595.36977810237,6.288729476654908,16905.129606731505,49.11458787355923,67512.86710540512,-5824.456711316969,409.72670932009987,62098.137103408255,2239.7446255924074,2075.0623501079294,1844.5873778830837,3
2025-08-26,71836.93236998987,71836.93236998987,70515.61274175445,89.74515652539242,1411.0647847607984,11.925692474955781,53314.958842052685,-438.0163936055046,100.5693646413021,52977.51181308849,843.8781488191939,1844.5873778830837,2265.084675895663,3
2025-08-27,72492.00054034215,72492.00054034215,74994.49479952539,3746.4461117147935,1243.951852531557,36.7549975430843,53073.54536856462,3428.037926953075,301.348184867193,56802.93148038489,3922.993567797047,2265.084675895663,1719.2168871397178,3
2025-08-28,72780.29059805325,72780.29059805325,77905.45151520285,5256.009927904733,130.84901075511948,126.5176107223898,52409.29831962097,5877.410362726889,901.7417678774327,59188.4504502253,2197.891324520958,1719.2168871397178,2678.237426841156,3
2025-08-29,47038.691342072074,47038.691342072074,45782.41459697484,0.0,1256.2767450972324,0.0,25912.312567034645,-492.17084030559494,0.0,25420.14172672905,16404.441574290635,2678.237426841156,6310.243576637578,3
2025-08-30,42413.57377193943,42413.57377193943,41511.550339419744,15.375578115460996,917.3990106351442,0.0,24028.487480784497,-248.36342549482052,0.0,23780.124055289678,19707.908441837746,6310.243576637578,6288.001849090113,3
2025-08-31,66141.27256658109,66141.27256658109,66291.29703057712,333.17125608000634,183.14679208395046,60.08926988930436,49665.81644547769,211.906499948653,442.0452691344732,50319.76821456082,588.4029566709743,6288.001849090113,2092.01338223534,3
2025-09-01,80671.916580547,80671.916580547,66198.12087538146,0.0,14473.79570516554,0.0,51294.360239446854,-4385.266670701162,0.0,46909.093568745695,6832.452154739087,2092.01338223534,4405.111264469111,3
2025-09-02,68092.40012295367,68092.40012295367,62981.00211422765,0.0,5111.398008726006,143.39158647289202,44345.353294124376,-1736.506483066003,717.9480224724728,43326.79483353085,5640.315441475708,4405.111264469111,4247.164394091962,3
2025-09-03,72181.18655088553,72181.18655088553,64903.07734167454,0.0,7278.109209210992,0.0,48332.89098798612,-2391.394189724197,0.0,45941.49679826192,6229.18128394204,4247.164394091962,4167.572051248991,3
2025-09-04,71408.80054839847,71408.80054839847,65119.016295701644,0.0,6289.784252696829,0.0,48026.596859827,-2521.7396534357185,0.0,45504.85720639128,6931.274539758382,4167.572051248991,4828.977155047001,3
2025-09-05,42712.667046715826,42712.667046715826,37847.89134518659,0.0,4864.775701529242,0.0,20785.966093943152,-1861.8317465746195,0.0,18924.134347368534,25347.297093003035,4828.977155047001,7454.934264320416,3
2025-09-06,40596.79409611125,40596.79409611125,36528.42492148734,0.0,4068.369174623901,0.0,19987.9347963246,-1595.8305228062147,0.0,18392.104273518384,25081.99832806927,7454.934264320416,7994.417324296833,3
2025-09-07,62762.83294926809,62762.83294926809,59443.89378597432,0.0,3318.9391632937723,54.74190945793907,42826.23849171425,-1546.4344220910953,272.2041447796021,41552.008214402755,5067.430175050138,7994.417324296833,4201.041790502008,3
2025-09-08,67518.08445582265,67518.08445582265,64442.343303240545,1246.5827724955861,4322.323925077703,0.0,43814.14585106917,394.02366137081833,0.0,44208.169512439985,2402.835765915742,4201.041790502008,3324.674318790851,3
2025-09-09,58850.581533765086,58850.581533765086,59914.3552123798,1174.1458505058017,110.37217189108662,9.099616666666748,39164.90246818219,1281.3234908363238,62.02298720000055,40508.24894621851,3167.174014723589,3324.674318790851,3227.765088856049,3
2025-09-10,69593.07923467529,69593.07923467529,66980.41470951028,1310.24855833899,3922.913083504015,131.04104272578695,45039.4845835159,393.98405992219693,693.2552753574325,46126.72391879553,2465.31614871881,3227.765088856049,2577.8353898146497,3
2025-09-11,69704.64052256895,69704.64052256895,61362.351670463424,0.0,8342.288852105517,0.0,44698.64943640596,-2213.0622234746156,0.0,42485.58721293134,3467.8885260136512,2577.8353898146497,3116.4873621517822,3
2025-09-12,37747.454235742014,37747.454235742014,37514.98438461132,2.271924500282715,234.74177563097874,0.0,17221.269011627763,-94.82767037416757,0.0,17126.441341253594,18668.667165606043,3116.4873621517822,7246.098634195865,3
2025-09-13,33763.876555714545,33763.876555714545,33130.33319660529,0.0,633.5433591092601,0.0,15777.026511497927,-241.02228651996666,0.0,15536.00422497796,22085.898190249045,7246.098634195865,7066.108263253295,3
2025-09-14,70776.57181382086,70776.57181382086,62657.21200597966,0.0,8119.3598078412,0.0,46544.64045227229,-2556.161146826534,0.0,43988.479305445755,1981.869092401188,7066.108263253295,4196.153467073907,3
2025-09-15,62013.78498494967,62013.78498494967,63722.11317257484,1713.245613533084,4.917425907910001,1.1717666666667128,40370.32035464552,2097.718874605034,7.876615533333644,42475.91584478389,1989.9225081640664,4196.153467073907,6497.9834174704,3
2025-09-16,68698.32163468016,68698.32163468016,64026.34469094952,1492.9647322937535,6164.941676024395,8.238266666666732,44786.29153574154,274.15609495241904,55.52179820000045,45115.969428893965,3809.985102951554,6497.9834174704,3756.690654569406,3
2025-09-17,68921.58123637446,68921.58123637446,66331.38454794922,1122.3855581513767,3712.582246576634,7.62916666666672,44649.17517536388,36.1021338719122,38.19542291666694,44723.47273215246,872.5490022600475,3756.690654569406,5138.043920013941,3
2025-09-18,59039.77697522563,59039.77697522563,65320.875463964185,6281.098488738565,0.0,96.3224731044196,38631.33996557731,5277.936416053365,468.50129531780044,44377.77767694848,3528.0212535325027,5138.043920013941,4295.424557415814,3
2025-09-19,34660.7412737701,34660.7412737701,35196.73726655386,758.7301610184268,222.7341682346758,0.0,15620.903204926624,752.5549720986693,0.0,16373.458177025293,13464.877241949434,4295.424557415814,6725.80331070902,3
2025-09-20,32667.5851997652,32667.5851997652,33046.31272910725,841.5743760477335,462.8468467056815,0.0,14661.632343650477,876.8672532767027,0.0,15538.49959692718,14008.484412783686,6725.80331070902,6670.380518521695,3
2025-09-21,66222.01941223467,66222.01941223467,64785.95865215709,1381.9948637010452,2818.055623778627,0.0,43186.76936496225,720.4827791408195,0.0,43907.25214410307,4229.900907268433,6670.380518521695,5297.839473454315,3
2025-09-22,71905.39057315813,71905.39057315813,65434.02728739977,1676.9803619217398,8148.343647680114,19.555900000000065,47073.8805311373,-132.16140621446425,128.01369518333377,47069.73282010617,461.52575551458574,5297.839473454315,5737.541166589496,3
2025-09-23,70802.35697599503,70802.35697599503,67334.66470539145,364.46770129643926,3832.159971900028,131.980567766785,45878.848359293086,-414.14833774727003,675.1315895302205,46139.831611076035,706.0609588310376,5737.541166589496,6218.329784706262,3
2025-09-24,60181.802608934144,60181.802608934144,65695.49181565596,5513.6892067218,0.0,0.0,39602.33442525548,5648.397640588308,0.0,45250.73206584379,749.143624360116,6218.329784706262,6114.561401046259,3
2025-09-25,65907.27637809434,65907.27637809434,68776.75391066927,4952.3018439683365,2082.824311393397,31.88636666666673,42791.10848210915,4216.3265990458885,217.35929008333375,47224.79437123837,4629.516529609708,6114.561401046259,6114.697699317615,3
2025-09-26,33202.17728127242,33202.17728127242,32217.991638620464,31.363096308051183,1015.5487389600048,0.0,14785.620114371943,-282.60139515749984,0.0,14503.018719214442,11451.59656821453,6114.697699317615,6118.836605186801,3
2025-09-27,32455.541407579025,32455.541407579025,34273.821365177035,1818.2799575980112,0.0,74.33655558287043,14588.375259660508,1988.2553142396978,308.2296439511531,16884.860217851357,13479.545599152665,6118.836605186801,5779.8027133514015,3
2025-09-28,67031.51279355885,67031.51279355885,70854.17336142849,4688.004501436681,865.3439335670439,0.0,43703.170046694046,5010.36104617417,0.0,48713.531092868216,2941.712664936992,5779.8027133514015,6231.421744839769,3
2025-09-29,70254.89176612554,70254.89176612554,66621.68249907834,401.7536960694367,4034.962963116647,148.67417508830385,46090.66382241945,-481.3164453440418,940.038442100341,46549.385819175746,150.66375096643924,6231.421744839769,5984.61679557718,3
2025-09-30,69353.46736576364,69353.46736576364,71987.40929242109,3389.7810557315142,755.8391290740785,12.9448000000001,46027.08319537574,3585.8317572621304,84.65251960000066,49697.56747223787,2036.755203745322,5984.61679557718,6318.375100917686,3
2025-10-01,65285.6857231904,65285.6857231904,61352.22948153567,60.79159426832439,3994.24783592307,0.0,40424.93532925304,-721.4626930673246,0.0,39703.47263618572,6329.763282307982,6318.375100917686,7794.092595716538,3
2025-10-02,70599.48028212553,70599.48028212553,61183.27704736593,85.47705130802558,9501.68028606763,0.0,43932.92922031095,-2559.365862630505,0.0,41373.56335768045,5417.442429765734,7794.092595716538,8105.386713683958,3
2025-10-03,29627.761416988127,29627.761416988127,30146.48929179305,527.0721467431524,8.344271938230577,0.0,12254.326981688573,499.9291269037392,0.0,12754.256108592312,19170.03880062476,8105.386713683958,8031.714548321899,3
2025-10-04,32536.291298770935,32536.291298770935,32040.389273288845,0.0,495.90202548208873,0.0,14194.032039235022,-188.06606448167992,0.0,14005.965974753342,15782.78381732756,8031.714548321899,7762.290731896047,3
2025-10-05,70109.7391235521,70109.7391235521,60823.71428884354,505.4768008760667,9791.501635584631,0.0,43708.998757029825,-1727.570616605913,0.0,41981.428140423915,2204.451637428558,7762.290731896047,7888.311740538061,3
2025-10-06,59898.20367457008,59898.20367457008,62264.78628916709,2431.3180869951107,64.73547239810466,0.0,39329.29533416867,2048.916827079316,0.0,41378.21216124799,910.2714158476781,7888.311740538061,7704.323213314366,3
2025-10-07,64680.48412768173,64680.48412768173,64774.86325524869,1738.7273184356848,1644.3481908687193,0.0,40841.14739513417,1769.3048414211785,0.0,42610.45223655535,2820.9368606020153,7704.323213314366,7927.755334094998,3
2025-10-08,59570.25198121018,59570.25198121018,59825.38423860772,582.6031967524405,327.47093935489727,0.0,37322.621754259715,795.5015800620821,0.0,38118.1233343218,895.9760277474189,7927.755334094998,6490.264300123907,3
2025-10-09,71463.91730927736,71463.91730927736,60394.1688081325,309.1221698973244,11378.870671042203,102.68102154844098,43957.49807331781,-2669.7604557945906,532.3136377030089,41820.05125522623,786.0300661319488,6490.264300123907,6387.603939790563,3
2025-10-10,31398.672874140033,31398.672874140033,31449.828511075273,487.3967976000714,436.24116066483145,0.0,12788.439891340378,495.89124582210434,0.0,13284.331137162482,18750.17199740216,6387.603939790563,6472.4586786257905,3
2025-10-11,32295.644647969228,32295.644647969228,32219.792544922864,91.22253458919818,167.0746376355592,0.0,13159.578843194457,91.2095563000207,0.0,13250.788399494477,14928.743411598907,6472.4586786257905,6366.979511845321,3
2025-10-12,64777.42405280674,64777.42405280674,63716.7593447736,1007.2719707013803,2067.9366787345225,20.929933333333338,39671.45087076367,1168.5029494931848,105.12059016666669,40945.07441042353,1516.264295630595,6366.979511845321,6158.814824141212,3
2025-10-13,67696.61606652041,67696.61606652041,62066.951607162104,1323.435607720208,6953.100067078509,0.0,41867.03425506025,238.89675010659602,0.0,42105.93100516684,606.6222862963263,6158.814824141212,6611.559679568677,3
2025-10-14,69640.03165716538,69640.03165716538,65679.3513143279,906.9399893043637,4867.620332141847,32.29666232623413,43861.280883893705,-94.70816611809482,161.38642164419193,43927.95913941981,1010.4982847278793,6611.559679568677,6352.210966526166,3
2025-10-15,72176.08735162017,72176.08735162017,66302.22156824527,92.10905361006076,5965.974836984958,62.31353588677812,45157.63862804446,-1712.7608528772087,290.34136406220927,43735.219139229455,618.8008939324193,6352.210966526166,6010.929171230905,3
2025-10-16,68555.39063340165,68555.39063340165,68023.92553910302,1166.4683484626385,1697.9334427612769,20.581855028897255,43604.74300763893,1050.8480657515663,135.69557046735787,44791.28664385786,690.9958595807243,6010.929171230905,6110.816347494707,3
2025-10-17,30514.34198608445,30514.34198608445,31511.024469334923,1044.5878718953304,47.90538864485666,184.69589040019764,12309.603867103377,1036.874635769665,802.7852909485255,14149.263793821567,12614.91336476359,6110.816347494707,5972.290301295165,3
2025-10-18,33107.70803010148,33107.70803010148,32220.042090137144,72.45757769603063,960.123517660367,0.0,13709.28434711211,-190.00000139292737,0.0,13519.284345719183,12480.42315050213,5972.290301295165,6301.5934535435335,3
2025-10-19,69765.82602494894,69765.82602494894,68449.90207393335,962.7475944322946,2278.671545447888,100.93754151241424,44957.59511190279,158.12987362858888,589.6875362250885,45705.412521756465,667.7302492846007,6301.5934535435335,6113.007904303558,3
2025-10-20,74405.4693611743,74405.4693611743,70559.14938022576,15.185907705716204,3861.5058886542733,43.65041704367527,47978.09031449282,-1500.6047989082135,213.82815661170332,46691.31367219631,2125.9772625630744,6113.007904303558,5939.716577012177,3
2025-10-21,73606.40191546908,73606.40191546908,72657.28254388456,768.8992301844248,1718.0186017689407,0.0,47433.19518159465,257.0006431954606,0.0,47690.19582479011,1668.0227777023006,5939.716577012177,6222.583311038856,3
2025-10-22,69936.03359312138,69936.03359312138,70810.93390949428,1170.8183669522186,295.91805057931003,232.81754713376637,44939.967369255246,981.4472595967727,1460.7299087288807,47382.1445375809,1529.8411769110012,6222.583311038856,5938.114800549574,3
2025-10-23,81026.77571035051,81026.77571035051,68397.20245932565,763.5238560766087,13393.097107101465,0.0,51573.83327003172,-3202.32561426153,0.0,48371.50765577019,560.1231622372036,5938.114800549574,6056.313669354692,3
2025-10-24,32463.436364869365,32463.436364869365,32958.27636752304,496.3368904904409,1.496887836766291,277.1106374044418,13233.002388468765,527.3111707669414,1245.1815395349427,15005.495098770649,11397.301675195084,6056.313669354692,6079.219476202443,3
2025-10-25,32809.47368493481,32809.47368493481,33152.92462850074,343.846829355709,0.395885789778049,290.6916137078353,13233.397581758705,373.4842065577199,1255.0326673213524,14861.914455637778,10489.546804259691,6079.219476202443,6034.1407427285685,3
2025-10-26,75104.47315735063,75104.47315735063,69813.33876735524,1008.8059825254595,6299.940372520855,0.0,48223.599171474256,-900.2457637410625,0.0,47323.35340773319,720.332595049731,6034.1407427285685,6330.215021534858,3
2025-10-27,67847.1964840459,67847.1964840459,71008.59294649184,4067.892356407653,906.4958939617196,19.744933333333393,43551.56109721424,3773.9047382508656,103.66090000000031,47429.126735465106,3522.173012559859,6330.215021534858,6077.103841213471,3
2025-10-28,68043.99149738476,68043.99149738476,71131.25171946382,3098.923393804625,11.663171725540678,113.44206642196359,44032.0872372907,3376.9983876714473,712.47494223795,48121.5605672001,1303.1361351529445,6077.103841213471,6088.519616981572,3
2025-10-29,76379.42616911624,76379.42616911624,75292.53604441369,547.4144579862372,1634.3045826887962,134.9897285750685,49762.09943087812,201.79832402818818,771.0033734214896,50734.9011283278,1793.6943876175278,6088.519616981572,6027.051701296492,3
2025-10-30,67587.7163781223,67587.7163781223,69549.35265950396,2189.9540509368153,228.31776955517063,99.63733491972398,44053.55180259656,2406.9856627150925,494.72784162020696,46955.26530693186,694.0715095454718,6027.051701296492,5954.483960231525,3
2025-10-31,34899.03693825466,34899.03693825466,34039.91549824417,15.915255856648514,875.036695867143,0.0,14830.296279384855,-259.4096654100837,0.0,14570.886613974772,6729.981860620418,5954.483960231525,6084.358752331025,3
2025-11-01,33928.0157768052,33928.0157768052,34029.49440485581,214.8412186442576,113.3625905936484,0.0,13846.320903701573,214.10945287566156,0.0,14060.430356577235,7634.880169544824,6084.358752331025,6465.070241723884,3
2025-11-02,73897.17037625343,73897.17037625343,75465.34327893761,2729.9255724946634,1161.7526698104864,228.29359122937848,48706.704991804116,2428.545253495429,1443.586355683002,52578.83660098255,2918.054147469391,6465.070241723884,6125.60435511344,3
2025-11-03,79729.45535302497,79729.45535302497,75932.6162404922,141.79824227090626,3938.6373548036527,0.0,52924.89431120231,-1218.8646536858923,0.0,51706.02965751642,1957.713802390197,6125.60435511344,6382.952661819842,3
2025-11-04,73087.0281698987,73087.0281698987,72676.51782929988,676.2096940962085,1086.7200346950226,337.9022423535968,47822.8864333438,502.7611144569273,2073.6239605773,50399.271508378035,1552.9225679991696,6382.952661819842,6086.179603785543,3
2025-11-05,81784.56565953698,81784.56565953698,75710.0571111119,100.93116234365709,6175.439710768728,0.0,55069.80362162817,-2150.503203642028,0.0,52919.30041798614,1446.184993753956,6086.179603785543,6418.655694086687,3
2025-11-06,75591.37415246645,75591.37415246645,77840.860470475,2249.486318008555,0.0,0.0,50584.08582320541,2968.329846598329,0.0,53552.41566980374,2535.8076801722736,6418.655694086687,6012.45306479686,3
2025-11-07,34802.43396171634,34802.43396171634,35310.61705088174,508.1830891653982,0.0,0.0,14347.86601625906,541.9155110588276,0.0,14889.781527317888,7905.87584966517,6012.45306479686,6403.020764269151,3
2025-11-08,34618.772327130195,34618.772327130195,34665.50710751726,47.84355118354885,1.1087707964886704,0.0,14546.488144938741,46.18085702006461,0.0,14592.669001958806,7624.729951546696,6403.020764269151,6260.646769605584,3
2025-11-09,79043.90520027254,79043.90520027254,76882.77252361082,181.87053196402007,2343.003208625725,0.0,53011.117426166405,-602.0283867407845,0.0,52409.08903942562,1150.8672085146711,6260.646769605584,6284.424508227207,3
2025-11-10,79712.27310701655,79712.27310701655,80805.7500670356,2520.1547542046737,1426.6777941856044,85.06168334722435,54437.120559180854,2273.568457997655,430.08320290425957,57140.77222008276,2864.3730979060188,6284.424508227207,6117.043709451894,3
2025-11-11,82101.27737399683,82101.27737399683,78119.48584880031,112.88356109592746,4094.675086292429,0.0,55749.35434774369,-1554.6390850276416,0.0,54194.71526271605,1929.5223307622068,6117.043709451894,6349.017214297,3
2025-11-12,78568.86779953985,78568.86779953985,77774.45115828939,990.2781835429628,1784.6948247934174,11.773333333333426,52604.06814217192,429.57660267614665,60.579686666667136,53094.22443151473,2585.0251050603074,6349.017214297,6231.655545649071,3
2025-11-13,76349.67110429969,76349.67110429969,77175.73480623488,2380.3732882574054,1554.309586322231,0.0,51676.66243239466,2682.451884748623,0.0,54359.114317143285,509.7193129942708,6231.655545649071,6386.28856136732,3
2025-11-14,35499.9991498888,35499.9991498888,35181.7150811113,0.0,318.2840687774943,0.0,14924.736102872419,-109.24995714173372,0.0,14815.486145730685,4206.15214507706,6386.28856136732,6395.360044444444,3
2025-11-15,38260.31208748522,38260.31208748522,36086.81902002831,73.7128637790949,2247.2059312359956,0.0,16190.2686703298,-342.0169819352802,0.0,15848.25168839452,4455.367243177172,6395.360044444444,6248.100976701591,3
2025-11-16,79034.50268351118,79034.50268351118,80233.55208075928,2151.516004058995,952.4666068108785,0.0,53730.02785875264,2771.0796275258567,0.0,56501.107486278495,1491.0697876190068,6248.100976701591,6406.895839714873,3
2025-11-17,76314.50800030089,76314.50800030089,79720.39639713013,3644.194040741506,238.30564391227222,0.0,51797.95552666307,3979.890447650675,0.0,55777.84597431374,2770.298186186903,6406.895839714873,6395.218599700645,3
2025-11-18,80271.56030543764,80271.56030543764,80075.49249032857,155.90200090547685,351.9698160145467,0.0,55125.29214951799,80.81213845040824,0.0,55206.104287968396,547.2305213195821,6395.218599700645,6563.208802103688,3
2025-11-19,78975.31901571291,78975.31901571291,82093.21933119718,4269.4566972622215,1151.5563817779516,0.0,54854.25934108285,5064.279699908696,0.0,59918.53904099154,2894.412754860069,6563.208802103688,6173.978094093482,3
2025-11-20,79543.39503175908,79543.39503175908,80620.52859488266,1471.3661693261001,394.23260620252535,0.0,53910.16572414802,1915.5985410452063,0.0,55825.764265193226,1583.1859427360896,6173.978094093482,6204.563815001693,3
2025-11-21,36206.65006226053,36206.65006226053,36824.555325237394,635.2576642536402,17.35240127677895,0.0,15629.152085119973,548.803168146713,0.0,16177.955253266686,4210.085707822578,6204.563815001693,6566.719853773827,3
2025-11-22,40603.06049815,40603.06049815,36780.49863943771,49.66699537800861,3872.228854090296,0.0,17176.799272257398,-599.9114261671743,0.0,16576.887846090223,3358.0301460009514,6566.719853773827,6278.480181753611,3
2025-11-23,80629.16360244303,80629.16360244303,80780.73569605498,2180.0226675068407,2028.4505738948933,0.0,55524.983036086,2229.796866264411,0.0,57754.77990235041,1482.0901715769417,6278.480181753611,6176.85433092588,3
2025-11-24,79316.17888752106,79316.17888752106,78891.10318676368,112.40208006348564,537.4777808208588,19.70107446826946,54273.31138224043,-25.028208349038835,103.55359484128662,54351.836768732675,718.6960227945954,6176.85433092588,5926.667044305684,3
2025-11-25,90766.28975425495,90766.28975425495,81822.7389164117,5.787910996288588,8949.338748839538,0.0,63789.24421851386,-3723.705251390302,0.0,60065.53896712355,1572.828126776456,5926.667044305684,5900.185366864049,3
2025-11-26,86034.38964013851,86034.38964013851,83587.23283315678,128.47673126186316,2575.63353824359,32.99316666666664,60025.68340342159,-913.3578239089286,177.73418883333318,59290.059768346,1923.7102410856287,5900.185366864049,6497.088583985037,3
2025-11-27,82983.33900632046,82983.33900632046,81688.42184222079,514.1144424083408,1809.0316065080137,0.0,57861.882181129826,16.039590159550812,0.0,57877.92177128937,1827.2161879155583,6497.088583985037,6375.103152033743,3
2025-11-28,37205.49244788609,37205.49244788609,37076.299840648804,1.7327911825172464,130.92539841980275,32.26359805385374,15627.658489010579,-45.70863738449282,161.68902164688802,15743.638873272974,2648.0766066768256,6375.103152033743,6300.168243430192,3
2025-11-29,48047.64553638361,48047.64553638361,40411.64234939072,0.0,7636.003186992883,0.0,20189.663357586833,-1642.261332074338,0.0,18547.402025512496,1943.1821351138392,6300.168243430192,6154.445673598063,3
2025-11-30,86227.44655784973,86227.44655784973,86012.65619700572,1221.1524180271088,1435.942778871106,6.062833333333515,60490.7910580543,1309.2344757428675,32.518006583334305,61832.5435403805,1265.1029204897472,6154.445673598063,6281.109907281271,3
2025-12-01,89159.01012409429,89159.01012409429,95461.93988724423,6522.578851428806,219.6490882788536,0.0,67321.4362749979,11294.100672925772,0.0,78615.53694792368,3461.1529842176815,6281.109907281271,7591.2234858881375,3
2025-12-02,90985.1524412552,90985.1524412552,96507.08167516168,6669.333297807582,1147.4040639010977,0.0,70211.64972898645,11426.181123481678,0.0,81637.83085246812,3992.2811850545554,7591.2234858881375,7198.490952354546,3
2025-12-03,81910.6831716848,81910.6831716848,95033.79236243683,13123.10919075203,0.0,0.0,61515.613776066544,20705.17740056976,0.0,82220.7911766363,3570.2503744048786,7198.490952354546,7256.743475476061,3
2025-12-04,89471.6590820271,89471.6590820271,94197.58608185056,6451.274482981574,1725.3474831581093,11.702107510569022,68831.20818910543,10243.342741016895,82.80411274478641,79157.3550428671,3200.6216779644424,7256.743475476061,7290.341138262606,3
2025-12-05,42353.81859363979,42353.81859363979,47724.77746103117,5694.768791927527,323.8099245361496,245.00998284973303,18783.430605534028,5855.372766072738,1195.695350572902,25834.49872217967,2693.3971841793896,7290.341138262606,7374.927040707163,3
2025-12-06,45484.59029984137,45484.59029984137,49948.23018472934,4798.048394210424,334.40850932245434,0.0,20844.477659199034,5832.566818492315,0.0,26677.04447769135,2364.471420282469,7374.927040707163,7432.619498661413,3
2025-12-07,93020.0758368329,93020.0758368329,93962.54026726636,4059.8871764213263,3117.4227459878657,19.119832328884968,71768.67985927235,5566.3087585188005,131.56356625505748,77466.55218404622,2485.5091490405657,7432.619498661413,6990.827553787081,3
2025-12-08,98884.1423463124,98884.1423463124,94999.86552596596,231.26773368747553,4115.544554033906,0.0,75432.00298414889,-1506.689881983791,0.0,73925.31310216509,3338.6382268819584,6990.827553787081,6486.918463098437,3
2025-12-09,98464.07959546891,98464.07959546891,93766.051037008,322.28585323311967,5020.314411694015,72.25124393757426,73930.83421439401,-1867.856566430911,534.1849605714708,72597.16260853456,1935.7901995331774,6486.918463098437,6384.611043895998,3
2025-12-10,94523.95016716409,94523.95016716409,95284.38106389932,1291.0087561723055,530.5778594370634,0.0,71151.02870921625,1527.596110978746,0.0,72678.624820195,2124.3534515775004,6384.611043895998,6386.35005188032,3
2025-12-11,98248.41479276,98248.41479276,92527.12003960848,0.0,5721.294753151517,5.767889478787424,73060.73319102789,-2796.6287022075994,40.083947932833205,70304.18843675312,1994.1966148319293,6386.35005188032,6314.991732689388,3
2025-12-12,50607.40789620708,50607.40789620708,50279.352266888796,930.6809836974606,1258.7366130157397,0.0,22947.98440900199,568.8938791030562,0.0,23516.878288105047,2534.5009100895695,6314.991732689388,6473.868810371988,3
2025-12-13,52010.97094687047,52010.97094687047,49944.35527371782,707.3141536130132,2773.929826765661,0.0,24004.42573299258,-192.80170709313938,0.0,23811.62402589944,2011.1147998146946,6473.868810371988,6438.974323973844,3
2025-12-14,93372.42018520358,93372.42018520358,95192.35793430303,2069.8029940642145,249.8652449647625,550.5498411999632,70431.92373158367,2643.5244171584504,3725.31391629473,76800.76206503685,2530.877947353988,6438.974323973844,6386.273847426805,3
2025-12-15,94762.71028822038,94762.71028822038,95514.3478477555,1226.5065099535989,474.8689504184831,0.0,71293.87725803375,1416.5045811415257,0.0,72710.38183917527,1715.5394781490509,6386.273847426805,6171.725387402025,3
2025-12-16,100393.03712825011,100393.03712825011,95709.81819031769,0.0,4683.218937932424,0.0,76619.1840318309,-2406.6329130594113,0.0,74212.55111877149,1739.0291115766208,6171.725387402025,6174.240697898547,3
2025-12-17,100624.85728902934,100624.85728902934,94191.08146225137,109.82451485063302,6543.600341628609,22.2719752254892,76385.28536769112,-3029.079177380402,162.33583608932602,73518.54202640004,1325.5402234795129,6174.240697898547,6178.7051102660935,3
2025-12-18,95488.7158835826,95488.7158835826,93920.1615111291,8.761831872988182,1577.3162043264836,0.0,71614.17615670143,-645.5846606856904,0.0,70968.59149601574,2078.21388582897,6178.7051102660935,6187.854425385249,3
2025-12-19,49646.977004729924,49646.977004729924,47805.93294548391,317.2102617048288,2158.254320950838,55.64244411454763,22766.937244098655,-118.57570381755453,239.31380954151587,22887.675349822617,1385.350142864311,6187.854425385249,5946.640588511127,3
2025-12-20,53106.109661577044,53106.109661577044,48407.5203903535,263.70765372380174,4962.296924947348,0.0,24444.978080841967,-1073.5602141197157,0.0,23371.41786672225,1231.0209951350685,5946.640588511127,6065.483644604141,3
2025-12-21,99038.57432889969,99038.57432889969,96175.51905794238,720.7971143654792,3583.852385322786,208.70164601387495,74640.52334964948,-691.0150148332805,1348.4919500413118,75298.00028485751,2468.4340549984354,6065.483644604141,6178.349170522043,3
2025-12-22,96894.8785604537,96894.8785604537,94806.1910053543,0.0,2088.6875550993923,253.10261682097166,73745.66834848153,-1094.4463437637758,1514.867501929888,74166.08950664764,1732.6780858930601,6178.349170522043,6037.6663669148675,3
2025-12-23,99642.23342001393,99642.23342001393,93960.91159920162,788.8094483255338,6470.131269137837,0.0,75218.133829484,-1438.21983032253,0.0,73779.91399916146,2123.776944595255,6037.6663669148675,6052.359150989199,3
2025-12-24,98291.08256409242,98291.08256409242,94078.7793006555,418.4117835988627,4630.715047035766,187.40076995962164,74115.38552246662,-1472.9997679565577,1325.1643189241504,73967.5500734342,1981.9399018512754,6052.359150989199,6005.611047910301,3
2025-12-25,94681.68102880797,94681.68102880797,93913.90595115785,1000.2944348710605,1768.0695125211676,405.87214928341325,70443.93687830497,467.0243901583369,2831.227400055208,73742.18866851852,1784.0042232367057,6005.611047910301,6088.680328932386,3
2025-12-26,50720.48864735533,50720.48864735533,48813.25367259594,315.0340817401329,2222.269056499517,0.0,23129.09620303335,-94.31189110251199,0.0,23034.784311930838,1383.1555991996709,6088.680328932386,6495.946616176502,3
2025-12-27,52167.2145664891,52167.2145664891,48954.81617103153,302.4866509583635,3514.8850464159277,0.0,23163.809279572808,-528.6918372788416,0.0,22635.117442293966,1703.5649572610328,6495.946616176502,6285.110328662948,3
2025-12-28,97694.31851126946,97694.31851126946,93522.96096671806,9.57858219293388,4180.936126744335,16.46837481290504,72982.73168667153,-2015.743615597812,124.25128651846543,71091.23935759219,2333.3961367111933,6285.110328662948,6162.284547595956,3
2025-12-29,96727.5404587221,96727.5404587221,94799.20049298494,0.0,1928.3399657371535,92.57203030968856,71819.23010098613,-941.0764098382383,488.4674069618835,71366.62109810977,3119.941222584255,6162.284547595956,5911.252578082794,3
2025-12-30,97498.96549128098,97498.96549128098,92771.4515118103,0.0,4727.513979470677,122.29018923755125,72025.39431087332,-2088.034184502504,712.8896046327602,70650.24973100357,2019.13652245088,5911.252578082794,6016.139105542601,3
2025-12-31,98927.5682081357,98927.5682081357,95279.22833625996,0.0,3648.3398718757403,255.55048822558115,74160.61685383762,-1683.2021508502237,1464.7304246220128,73942.14512760942,2374.5442204313217,6016.139105542601,5889.568074995451,3
